id_pasajero,nombre,apellido,fecha_nacimiento,correo_electronico,telefono_pasajero,documento_identidad,asistencia,edad
1,Isidro,Girona,1976-04-28,rodolfohernandez@example.net,+4833898327,22678686,No,48
2,Juan Manuel,Gutiérrez,1968-06-07,jafet75@example.net,+7066837818,76198313,No,56
3,Isidora,Blanca,1982-08-01,ucantero@example.org,+4556912396,13188344,Sí,42
4,Noelia,Tello,1976-07-06,morenamatas@example.org,+7455384313,88119434,No,48
5,Montserrat,Cañellas,1976-03-31,eduardomedina@example.net,+2933669679,98358833,Sí,48
6,Albina,Tolosa,1998-01-22,triniroca@example.org,+7211456671,71585572,Sí,26
7,Fabricio,Alcaraz,1978-02-14,prudencialerma@example.org,+3974595605,76816277,No,46
8,Emigdio,Perelló,2000-11-07,natividad82@example.com,+4637536739,65757783,Sí,24
9,Miguel,Cabanillas,1964-02-07,bibianaarteaga@example.net,+7036251330,92624080,Sí,60
10,Leonel,Menéndez,1977-06-29,ruben09@example.org,+6037534124,45983791,Sí,47
11,Héctor,Jara,1978-04-17,bernaljudith@example.org,+8120200266,79347813,Sí,46
12,Ernesto,Téllez,1961-01-10,mariana12@example.org,+742553438,73420616,No,63
13,Carmina,Doménech,1991-11-03,rodrigoamat@example.com,+1512289444,37160487,Sí,33
14,Renato,Cabrero,1961-04-25,abrilvalls@example.org,+771620716,33665231,No,63
15,Febe,Cabañas,1982-12-12,leonhervas@example.org,+6886894356,66165671,No,42
16,Amalia,Calzada,1986-03-09,lgimeno@example.org,+3598331983,11930235,Sí,38
17,Viviana,Barral,1971-09-10,martinprudencia@example.org,+4945100614,54019618,Sí,53
18,Adora,Cobo,1997-01-06,ahurtado@example.org,+4433607517,37176219,Sí,27
19,Amancio,Calvet,1981-04-16,celestina72@example.org,+7686021263,69974674,Sí,43
20,Sosimo,Vallés,1976-06-09,rrivera@example.com,+561570407,15618162,Sí,48
21,Che,Dalmau,1964-06-04,brios@example.com,+8795568874,74684627,Sí,60
22,Lupe,Borrell,1976-12-06,candelaria57@example.com,+9898525117,39963559,Sí,48
23,Itziar,Herrera,1977-12-07,bmontenegro@example.com,+9730570302,63192855,Sí,47
24,Angélica,Escribano,1967-07-25,maximino56@example.org,+8147033937,79337123,Sí,57
25,Graciela,Osorio,1995-09-12,modestoandreu@example.org,+1631159695,36528133,No,29
26,Victor,Galan,1961-11-08,felisaecheverria@example.net,+3811425389,10048512,No,63
27,Sol,Mosquera,2004-11-26,pazemelina@example.net,+7870192354,85519015,No,20
28,Clara,Briones,1975-09-24,doraroig@example.com,+5309183942,32071923,Sí,49
29,Simón,Pelayo,2006-03-27,pliniogomila@example.com,+9477436136,55555174,Sí,18
30,Lucía,Llopis,1986-11-21,millantiburcio@example.com,+4964538005,22315581,Sí,38
31,Víctor,Blazquez,1978-04-23,kcanals@example.net,+7721182025,97823782,Sí,46
32,Eva María,Canet,1998-05-30,qconde@example.com,+8574105571,45864889,No,26
33,Porfirio,Aguado,1984-01-30,wvilanova@example.com,+131891641,19247359,Sí,40
34,Nando,Acevedo,1995-07-15,alejo36@example.net,+6755845407,21645306,No,29
35,Nuria,Bonilla,2003-12-19,azaharaleon@example.net,+4046864101,36618909,Sí,21
36,Filomena,Esteve,2005-08-21,fatima51@example.org,+225173487,88621894,Sí,19
37,María,Simó,1970-07-15,zpazos@example.net,+2616810514,70931353,Sí,54
38,Felisa,Jurado,1959-10-30,qjordan@example.com,+216425923,65151684,Sí,65
39,Daniela,Clavero,1977-12-15,salazarviviana@example.net,+6151807712,50607434,No,47
40,Noemí,Cases,1990-07-24,wcosta@example.org,+9591029201,12334283,Sí,34
41,Cayetano,Marqués,1979-12-01,valeromelero@example.com,+4377221686,93445945,No,45
42,Lisandro,Infante,1954-06-07,severuiz@example.com,+1630586773,94161092,No,70
43,Guadalupe,Luna,1960-05-24,vbauza@example.net,+8068261425,38186851,Sí,64
44,Telmo,Balaguer,1973-05-11,cintia23@example.com,+5652588538,15807191,No,51
45,Félix,Llobet,1981-04-09,juan-carlos41@example.com,+4053240825,18980494,Sí,43
46,Vanesa,Yáñez,1993-10-11,venceslas80@example.net,+1680199130,99163597,No,31
47,Bautista,Galván,1956-05-23,vilanovamarisa@example.com,+8102090987,34925057,No,68
48,Milagros,Arévalo,1987-06-09,santiago07@example.net,+7588889435,57696031,Sí,37
49,Priscila,Olivares,1985-10-16,xmarin@example.org,+842450234,83044919,No,39
50,Candelaria,Alcázar,1955-11-18,rosalesjuan@example.net,+184092991,11555529,Sí,69
51,Marcio,Artigas,1968-04-15,gracielamenendez@example.net,+2450862825,37129614,No,56
52,Guadalupe,Guardiola,1996-10-01,obduliaarenas@example.com,+6476231169,69282290,No,28
53,Ángel,Mendoza,1987-01-16,ana-belen05@example.net,+2744357371,15809689,Sí,37
54,Loreto,Arroyo,2005-02-25,reinaldodominguez@example.com,+2891468637,18237148,Sí,19
55,Cesar,Pardo,1965-11-24,molesdomingo@example.com,+6090122782,59413095,No,59
56,Calista,Gimeno,2002-04-27,zluna@example.org,+5289075992,92362653,Sí,22
57,Maximino,Valero,1971-10-16,joverangelita@example.org,+3470175301,20252355,No,53
58,Pío,Zorrilla,1958-05-08,juan-pablofranco@example.com,+7862548960,74199594,Sí,66
59,Jose Miguel,Zabaleta,1994-04-28,kikebelda@example.com,+903504814,21280412,No,30
60,Aitor,Llobet,1985-07-31,barrioscosme@example.com,+4343636493,20036305,Sí,39
61,Alonso,Osuna,1982-10-12,luisinacasanova@example.net,+918214718,15184197,Sí,42
62,Rosendo,Colomer,1960-11-09,hipolito81@example.org,+3717177186,87639503,No,64
63,Rosa María,Franch,2005-06-27,vcanales@example.com,+810695489,48373694,No,19
64,Eutropio,Cortes,1956-05-24,toribio71@example.com,+1378734219,52534855,No,68
65,Jacinto,Ariza,1971-12-20,carneroleonor@example.net,+1857013775,11669763,Sí,53
66,Rufina,Bernat,1973-09-11,smunoz@example.org,+5089898347,41816012,No,51
67,Marcial,Llorens,1978-09-29,catalina58@example.com,+2805900987,48768459,No,46
68,Alejandra,Caballero,1962-11-17,vrossello@example.org,+1772648031,55634043,Sí,62
69,Vilma,Puig,1980-06-29,matiasbosch@example.org,+6546523374,81494537,No,44
70,Zaida,Pozo,1962-04-27,cristobal07@example.org,+3899059676,94214513,Sí,62
71,Mario,Fabra,1992-03-11,barrosinmaculada@example.org,+4810259598,23853328,Sí,32
72,Paulino,Benitez,2004-01-01,climaco40@example.net,+7461466010,40507537,Sí,20
73,Reyes,Marin,1991-06-15,mlucas@example.org,+3393919718,52169397,No,33
74,Maxi,Cañas,1995-01-28,jennifer55@example.net,+8272728817,88321803,Sí,29
75,María Del Carmen,Bernal,2000-03-03,custodiavalencia@example.com,+3764730861,24645089,Sí,24
76,Glauco,Novoa,1998-02-01,nortiz@example.net,+4687025209,12369553,Sí,26
77,Hernán,Bauzà,1968-04-18,lorenaestrada@example.net,+5359191897,95650892,Sí,56
78,Belén,Fernández,1996-01-19,dcastro@example.com,+1853441510,20093821,No,28
79,Marisela,Manuel,2001-11-07,gabino07@example.com,+5436836701,90087880,Sí,23
80,Iris,Villegas,2002-07-30,varelaamanda@example.net,+8806193536,20851547,Sí,22
81,Regina,Atienza,1985-09-17,bayonlisandro@example.net,+480737138,43904102,No,39
82,Nayara,Moraleda,1996-09-30,modesta42@example.com,+4061199976,77702864,Sí,28
83,Samanta,Priego,1988-05-12,calzadaanita@example.com,+8662570609,36236388,No,36
84,Rolando,Lobo,1962-09-18,suarezsosimo@example.net,+5935267388,40573236,No,62
85,Lucía,Barón,2001-09-14,garciamaria-fernanda@example.org,+445878522,32414916,No,23
86,Martín,Marín,1960-11-16,kbatlle@example.net,+9088109503,60299332,Sí,64
87,Daniela,Peñalver,1986-01-26,gmateos@example.com,+8807850010,46979590,Sí,38
88,Emelina,Barceló,1991-06-29,bertareina@example.org,+703079517,44367219,Sí,33
89,Eusebia,Pozo,1991-06-22,fmontero@example.net,+6270075643,89828176,Sí,33
90,Leonel,Almeida,1996-06-10,bernardinopedrosa@example.org,+4879909405,14113873,No,28
91,Anunciación,Naranjo,1995-03-21,diezjose-miguel@example.net,+8902851276,26181382,Sí,29
92,Quirino,Castro,1997-12-19,rupertojordan@example.com,+3110558734,67641244,No,27
93,Begoña,Ferrando,1961-08-09,evita71@example.com,+745942642,13639261,Sí,63
94,Teresa,Llanos,1997-04-01,seguramartin@example.net,+7546314208,65201113,Sí,27
95,Isidoro,Briones,1967-11-24,escobarvinicio@example.com,+7004976124,82215294,No,57
96,Diego,Menéndez,1961-07-02,dmancebo@example.com,+3090188760,23071824,No,63
97,Trinidad,Ortega,2004-02-16,prietoencarnacion@example.com,+9950532752,13321032,No,20
98,Iris,Benitez,2003-04-21,solsonaesteban@example.net,+1762588569,89434766,Sí,21
99,Malena,Pou,1974-06-06,scabello@example.net,+3905449279,96972868,No,50
100,Nico,Reguera,1995-06-06,hernandezjosefa@example.com,+8822621973,66956868,No,29
101,Javi,Díaz,2001-07-25,banosrufino@example.org,+6514948404,49113361,No,23
102,Brígida,Franco,1971-02-17,galapaez@example.net,+7549317212,24004187,Sí,53
103,Chuy,Vila,1954-08-13,manupina@example.net,+5469699308,68701306,No,70
104,Elpidio,Poza,2002-02-21,nando75@example.net,+9491974247,11217199,No,22
105,Joan,Roca,2001-12-01,kporras@example.net,+1683554184,43055400,No,23
106,María Jesús,Céspedes,1999-06-24,rosalvacrespi@example.com,+7565591002,92796381,No,25
107,Débora,Mena,1998-03-08,salvacandida@example.net,+7820153979,12289553,No,26
108,Leire,Agullo,1970-11-13,prudenciomugica@example.com,+8278927722,15004619,Sí,54
109,Gracia,Laguna,1977-10-28,silvestrevilalta@example.org,+5171012615,13130905,No,47
110,Clotilde,Gómez,1996-02-01,goicoecheamarisa@example.net,+3118856148,27791690,No,28
111,Pelayo,Quintanilla,1972-05-08,aaron73@example.org,+7803970262,11749639,Sí,52
112,Alexandra,Ochoa,1997-01-12,lmurcia@example.net,+2380406059,79817099,Sí,27
113,Espiridión,Bueno,2000-11-11,nidiagarces@example.net,+30053236,55882267,No,24
114,Luisa,Jaén,1960-01-01,sofiagabaldon@example.org,+2805048139,61414057,Sí,64
115,Fidela,Exposito,1999-01-28,ortunomatias@example.org,+250075748,35513027,Sí,25
116,Paco,Zamorano,1995-11-22,ccheca@example.net,+9606835396,48268268,Sí,29
117,Rodolfo,Rubio,1980-09-22,luis-miguelpineda@example.net,+5602431482,48662768,Sí,44
118,Dafne,Guardiola,1980-05-07,regulo10@example.org,+396521002,58903512,Sí,44
119,Florentina,Valentín,1958-12-07,lealcalisto@example.net,+672068172,85089658,Sí,66
120,Ramiro,Novoa,2006-04-14,ana-sofia32@example.net,+4519093786,84223545,Sí,18
121,Eladio,Montes,1995-09-22,ani80@example.org,+4733537522,77651852,Sí,29
122,Lázaro,Alcalde,1992-05-19,esmeraldajurado@example.org,+1069874628,99298006,Sí,32
123,Toribio,Valero,1956-11-15,barralpancho@example.com,+4258749612,45316266,Sí,68
124,Xiomara,Benítez,1986-12-13,xiomara06@example.org,+866731027,31482191,Sí,38
125,Sabas,Alonso,1988-03-17,candelariotorrijos@example.com,+6367513860,52604196,Sí,36
126,Cloe,Domingo,1964-06-06,remedios69@example.net,+6562588155,42535462,Sí,60
127,Vilma,Garay,1992-12-16,alondra51@example.net,+4671311013,27521897,No,32
128,Isabel,Rovira,1972-09-24,rsoler@example.com,+9609128336,81895014,Sí,52
129,Román,Llanos,2003-03-01,eusebiabauza@example.net,+7850858023,38791868,No,21
130,Irene,Gisbert,1975-04-05,gallegoseverino@example.com,+2925067525,94848768,Sí,49
131,Erasmo,Pablo,1965-04-24,julian63@example.org,+5466914052,25247377,No,59
132,Segismundo,Cano,1984-09-24,bramis@example.org,+9457384025,29035437,Sí,40
133,Víctor,Espinosa,2005-02-16,mortega@example.com,+2616923765,57500310,No,19
134,Aurelio,Alegria,1964-10-28,epifanio31@example.com,+3367994548,37661309,Sí,60
135,Gisela,Teruel,1997-12-16,barraganmireia@example.org,+2882685046,10136201,Sí,27
136,Tomasa,Company,1988-07-14,cornejomirta@example.com,+4769401510,64752022,Sí,36
137,Alondra,Garay,1986-02-05,merche76@example.com,+9336023544,92656457,No,38
138,Victor Manuel,Blázquez,1958-12-28,iniguezalexandra@example.org,+2158314571,44898904,Sí,66
139,José Luis,Perera,1975-10-22,walegria@example.org,+9236805579,51208115,No,49
140,Gerónimo,Acero,1993-07-18,pepitoexposito@example.net,+3934526565,26728100,No,31
141,Chelo,Cuevas,1966-12-05,ialmazan@example.com,+2812033140,88271860,Sí,58
142,Cándido,Pinedo,1977-04-27,reyesgarmendia@example.net,+8108588354,54339495,Sí,47
143,Glauco,Esteve,1967-02-02,gutierrezcalixta@example.com,+6760524669,69143541,No,57
144,Guadalupe,Sales,2002-10-04,mandrade@example.org,+293607789,33276549,Sí,22
145,Reynaldo,Meléndez,2000-08-11,morenoluis-miguel@example.org,+8520754537,58961264,No,24
146,Dominga,Delgado,2002-09-27,nurena@example.com,+5291976181,67989491,No,22
147,Albert,Yáñez,1956-07-03,virgiliogomila@example.org,+8038905526,84158887,No,68
148,Teodoro,Paz,2001-05-18,cperal@example.net,+2395201287,67718176,Sí,23
149,Candelario,Cobos,1967-03-04,quintanillaarsenio@example.net,+4942474999,47620055,No,57
150,Lucho,Falcón,1955-04-22,hbaron@example.com,+9533807968,57401251,Sí,69
151,Victor,Zabaleta,2001-06-01,klosa@example.com,+4972207788,53068528,No,23
152,Juliana,Mendez,2002-08-15,alfonsoroyo@example.net,+8824538410,93416831,Sí,22
153,Ofelia,Bonilla,2005-12-24,natanael88@example.org,+9169143423,15430096,No,19
154,Pepita,Valbuena,1974-11-15,mfrancisco@example.com,+8919506637,94937329,No,50
155,Galo,Molina,1988-09-11,atorralba@example.net,+7186159422,35081057,Sí,36
156,Mariano,Pineda,1968-09-14,rroman@example.com,+6970482095,52375122,No,56
157,Máximo,Cervantes,2001-03-24,mariana14@example.com,+4182818039,51773114,Sí,23
158,Ani,García,1992-01-17,tlanda@example.com,+2720722503,87298284,No,32
159,Rodolfo,Montaña,1994-06-01,wjaume@example.net,+5813635166,94446476,No,30
160,Adriana,Navarrete,1955-06-11,teodosiocobo@example.org,+4401192331,31773704,Sí,69
161,Francisco Javier,Mateos,1985-01-24,carminaluis@example.com,+1091905206,16870000,No,39
162,Xiomara,Gonzalez,1977-06-25,adelapalmer@example.com,+7445173065,60516934,No,47
163,Merche,Montoya,1977-03-22,htoro@example.org,+6068302232,74266767,Sí,47
164,Joaquina,Céspedes,1997-05-13,marinomarti@example.org,+5050943155,63555186,No,27
165,Jose,Arnaiz,1974-11-12,francisco-jose60@example.org,+7147133899,53800162,Sí,50
166,Ruth,Bou,1954-03-18,vilareusebia@example.com,+5450696418,19179547,Sí,70
167,José Luis,Torrent,1985-05-26,folchiban@example.net,+3357633680,99856918,Sí,39
168,Martin,Acuña,2004-02-16,kangulo@example.com,+3779463270,31375761,Sí,20
169,Felisa,Novoa,1973-06-14,xporras@example.com,+7020565376,51318256,No,51
170,Edgardo,Solera,1994-11-25,xpalomares@example.net,+3744173035,91842308,No,30
171,José María,Arranz,1966-08-08,trivero@example.net,+3836586133,81761730,No,58
172,Toni,Carrera,1981-12-16,alcides54@example.org,+7265378849,59022280,Sí,43
173,Maximiliano,Molina,1992-08-07,yanezartemio@example.org,+3180850059,41518340,Sí,32
174,Pepe,Cuevas,1974-04-15,ubeltran@example.com,+5154065055,62277850,No,50
175,Miguel,Mendez,1979-07-14,espiridion06@example.net,+2075480403,54822361,No,45
176,Milagros,Andrés,1993-07-22,carmelita77@example.org,+9266108721,18913873,Sí,31
177,José Antonio,Arjona,1978-10-16,marianatorrens@example.net,+6548047134,51418079,Sí,46
178,Elvira,Alberdi,1956-10-09,rogelio61@example.net,+6561060826,31021457,Sí,68
179,Anselmo,Valderrama,1961-06-16,garcescristina@example.net,+7945774260,22234499,Sí,63
180,Ceferino,Vergara,1956-01-04,bcanet@example.net,+8593977248,27361550,No,68
181,Roberta,Paredes,1997-12-12,apalma@example.com,+9153232415,62286424,Sí,27
182,Florentino,Cobos,1988-04-22,pascualflorentina@example.com,+6359889973,68551152,Sí,36
183,Ema,Julián,1978-05-15,bonifacionadal@example.net,+8689025373,37202403,Sí,46
184,Cándida,Cruz,1975-06-14,vallesodalis@example.com,+2205614523,48479538,No,49
185,Eulalia,Lago,2004-06-13,quirinogargallo@example.org,+5492166172,79755271,Sí,20
186,Priscila,Santamaría,1963-11-07,ptapia@example.com,+5525560380,56004649,Sí,61
187,José Antonio,Camacho,2000-04-19,eladioaguilar@example.org,+3429007151,71974036,No,24
188,Gabino,Nogués,1998-11-04,garcesgustavo@example.com,+3507956397,83966504,No,26
189,Ángela,Aragón,1987-08-16,esaez@example.org,+4367473115,58126012,No,37
190,Trini,Hernandez,1964-06-02,felipamarques@example.org,+6164707497,19532187,No,60
191,Rosalía,Cerdán,2006-05-01,alsinadario@example.com,+7937495307,42758587,No,18
192,Abel,Gil,1965-01-02,moisescompany@example.net,+581920813,54105674,No,59
193,Jeremías,Ordóñez,1994-05-27,frutosmicaela@example.org,+4857260584,19280170,No,30
194,Bibiana,Montenegro,1980-06-10,tsaura@example.org,+1165493694,57593337,Sí,44
195,María Cristina,Guillen,1973-04-20,wtejera@example.org,+5501559166,11874740,Sí,51
196,Jose Luis,Bonilla,1998-01-02,victor-manuel53@example.com,+9015841564,16367277,Sí,26
197,Milagros,Garcés,1985-09-18,coral46@example.net,+3851282512,43385547,No,39
198,Victor,Cordero,1993-11-16,guadalupe30@example.net,+7101645342,23145814,No,31
199,Luis Ángel,Armas,1995-06-01,uartigas@example.org,+5980679179,18068340,Sí,29
200,Marcia,Pardo,1988-04-28,pacifica54@example.net,+1458557631,32601536,No,36
201,Carmelita,Ayuso,1978-09-30,molllupe@example.org,+8953902042,63820831,Sí,46
202,Valentina,Vigil,1991-05-14,ugibert@example.org,+1138519163,12109514,No,33
203,Eutimio,Cifuentes,1981-05-13,mtorrijos@example.net,+50390844,64082947,Sí,43
204,Melania,Fiol,1957-08-11,mfrias@example.net,+687652434,62428359,No,67
205,Calixto,Galindo,1963-12-04,alfonsoduran@example.net,+1537797357,93902154,No,61
206,Samanta,Moya,1962-03-01,violetafolch@example.com,+7344299294,19778545,Sí,62
207,Josefina,Ferrando,1984-05-17,placidoalvaro@example.org,+7762286671,38614798,Sí,40
208,Leyre,Mascaró,1968-05-31,sgarrido@example.net,+3975887918,16653232,Sí,56
209,Mónica,Esteban,1972-06-30,silvestre35@example.net,+3000182462,70526509,Sí,52
210,Otilia,Marti,2005-02-20,bpineiro@example.net,+3070073045,30037648,Sí,19
211,Hector,Fabregat,1964-06-06,bcespedes@example.net,+3865442504,25064080,No,60
212,Victor,Rivero,2000-12-01,eutropiomayo@example.org,+8970382681,40337554,No,24
213,Fernanda,Crespo,1966-05-09,hector37@example.org,+900137212,51661123,Sí,58
214,Rosa María,León,1986-05-06,condecipriano@example.org,+2473914268,87284964,No,38
215,Roberto,Morales,1957-10-21,lpacheco@example.com,+783301523,61012243,No,67
216,Salud,Ordóñez,1992-12-22,hserra@example.org,+6086814493,72355968,No,32
217,Roldán,Peláez,1984-09-01,jorgenoriega@example.net,+6917900344,91213308,No,40
218,Juan Antonio,Márquez,1961-05-08,ivalderrama@example.com,+8180334426,67265971,No,63
219,Felisa,Mendoza,1959-02-02,catalamaricruz@example.com,+1420953717,72534335,No,65
220,Patricia,Gonzalez,1997-01-14,olivareseliseo@example.com,+3348204500,87515071,No,27
221,Graciano,Simó,1994-12-20,debora34@example.com,+5305067316,34527863,No,30
222,Josué,Abad,1959-11-30,smorera@example.com,+6249385082,64871525,No,65
223,África,Armas,2002-10-07,maria-manuela08@example.com,+6270116016,32328798,Sí,22
224,Octavia,Quintana,1975-12-28,carmina20@example.com,+4234016985,92194709,Sí,49
225,Ernesto,Aguado,1962-05-22,isidoralucena@example.org,+2767184175,10200243,Sí,62
226,Edelmiro,Adadia,1997-02-17,wcanas@example.org,+9994951954,81754490,No,27
227,Balduino,Ferrera,1987-06-23,hrodriguez@example.net,+7578962698,91858727,No,37
228,Gala,Cerdá,2004-07-19,conchaalfaro@example.org,+7036963233,55278177,Sí,20
229,Juan Francisco,Aller,1973-07-05,canasmariana@example.net,+670484276,72024034,No,51
230,Calixto,Gaya,1997-04-29,bastidaangelino@example.net,+6498232901,52614114,No,27
231,Javiera,Torrecilla,1958-06-08,amaroluis@example.org,+3616152813,93924343,No,66
232,Lucio,Vega,1973-05-18,fabian82@example.net,+2295472431,28002530,No,51
233,Dora,Cano,1990-06-06,barralfederico@example.net,+1788549497,69770156,No,34
234,Leandro,Fabra,2002-07-10,urbanoibarra@example.com,+7852448540,86501988,No,22
235,Elodia,Valverde,2003-06-18,peralsilvestre@example.net,+5275963023,58888405,No,21
236,Desiderio,Solana,1976-01-06,lvega@example.net,+4050813247,90466590,Sí,48
237,Berto,Cortes,1968-11-03,malegria@example.org,+4612936290,44632663,No,56
238,Gracia,Daza,1995-01-18,pablo65@example.org,+2835850899,13416182,Sí,29
239,Rosa María,Pastor,1980-06-01,osvaldobejarano@example.net,+1423535459,66330171,Sí,44
240,Abigaíl,Marqués,1996-06-15,opineda@example.org,+1126644846,78097361,No,28
241,Eutimio,Domínguez,1970-01-16,reciosandra@example.com,+4018245511,82882608,No,54
242,Natividad,Arrieta,1966-01-16,quirino41@example.net,+7775045505,11542426,No,58
243,Ricarda,Tejera,1980-12-08,alicia78@example.org,+4174284997,99955428,No,44
244,Quique,Mosquera,1957-06-11,nico46@example.org,+4852099831,25116778,Sí,67
245,Otilia,Díez,1980-12-03,nicolas31@example.net,+5184239275,17004194,No,44
246,Diego,Guzman,1975-01-26,santanalara@example.org,+3902128489,86341074,Sí,49
247,Alfredo,Pastor,1993-11-01,noa95@example.net,+403623237,10169881,Sí,31
248,Otilia,Río,2002-08-10,blas18@example.com,+4001403286,14008693,No,22
249,Ester,Ferrer,1972-12-10,fidela53@example.net,+2897807050,66305741,No,52
250,Severino,Jove,1982-09-18,carlosgalan@example.com,+8223045032,57971575,No,42
251,Lupita,Lobo,1967-07-25,maribeluribe@example.org,+1389013574,75210010,No,57
252,Gerónimo,Martinez,1961-11-02,porfiriorosello@example.com,+8161909231,41299104,No,63
253,Isabela,Manjón,1979-04-17,tolosapia@example.org,+2952382454,48699077,Sí,45
254,Primitivo,Cañellas,1964-05-07,yayala@example.org,+6651099000,91294523,Sí,60
255,Rubén,Jaén,1955-02-20,martijosue@example.org,+2543423117,18936857,No,69
256,Silvia,Oller,1972-09-07,cloe04@example.com,+5598300040,36573072,No,52
257,Amador,Cobos,1990-04-27,mmontesinos@example.org,+4596825123,57384060,Sí,34
258,Aarón,Esteban,1954-03-21,cleal@example.net,+8295697125,34419593,Sí,70
259,Manuel,Badía,1959-05-18,omachado@example.com,+9671361106,65251720,Sí,65
260,Palmira,Fuertes,2005-09-22,crespiabel@example.org,+4509520569,87922033,Sí,19
261,Iván,Elorza,1970-12-07,raul12@example.net,+4364153253,63523534,No,54
262,Coral,Jover,1960-03-17,nietoalberto@example.org,+2271664018,85714102,Sí,64
263,Brígida,Larrañaga,1970-11-08,evita58@example.com,+1652132067,99562418,Sí,54
264,Ibán,Lladó,1954-08-22,kdavila@example.com,+2470473848,83954391,Sí,70
265,Judith,Toledo,2001-07-19,oliverasevangelina@example.net,+4841116483,85416954,No,23
266,León,Camino,2000-08-09,ileanaarjona@example.org,+499066436,40878675,No,24
267,Nuria,Girona,1960-05-11,rrossello@example.org,+8357176843,15794479,Sí,64
268,Merche,Pino,1967-11-25,larreamaribel@example.net,+5870850498,31257669,Sí,57
269,Miguela,Real,2000-07-07,smacias@example.net,+3680093855,24355574,No,24
270,Jesusa,Peralta,1983-10-22,agulloadoracion@example.com,+7115217999,96318464,No,41
271,Irene,Alarcón,1960-03-22,solislilia@example.net,+1517640695,42019331,No,64
272,Obdulia,Agullo,1967-12-07,kfonseca@example.net,+3206190148,92759160,No,57
273,Heraclio,Rodrigo,2003-09-05,ivelasco@example.net,+7798065942,50851332,Sí,21
274,Corona,Murcia,1988-11-03,cecilio31@example.org,+541226060,99447940,Sí,36
275,León,Clemente,1954-11-10,pbejarano@example.net,+7099794163,93716348,No,70
276,Federico,Armengol,1986-10-13,nbadia@example.net,+5266904428,78332269,Sí,38
277,Cipriano,Barceló,1969-12-28,marina84@example.org,+2369097221,93038454,Sí,55
278,Modesto,Talavera,1986-08-20,doloresmuniz@example.org,+6322860846,93249933,Sí,38
279,Teodora,Orozco,1978-12-27,maria-angelesmarques@example.net,+4136101201,14761393,Sí,46
280,Asdrubal,Franch,1971-02-17,teobaldo74@example.com,+2866605045,46214241,No,53
281,Eleuterio,Olivares,1968-09-23,oliviaruano@example.net,+7509519667,29034562,Sí,56
282,Filomena,Salazar,1974-10-22,fmoreno@example.com,+9338277058,19683462,Sí,50
283,Candela,Nevado,2001-02-02,isernasuncion@example.net,+1144487033,75817750,No,23
284,Edelmiro,Pujadas,1986-04-03,liliana48@example.net,+4953489695,30499243,Sí,38
285,Cirino,Montesinos,1970-01-17,maria-doloresestrada@example.com,+6436860238,95661041,Sí,54
286,Luís,Gracia,2000-02-10,galancayetano@example.org,+7859328470,70129081,No,24
287,Lino,Cobos,2005-11-24,lorenza41@example.org,+8528583359,31967761,No,19
288,Aitor,Ayuso,1996-02-21,bpou@example.org,+1921478219,34310665,Sí,28
289,Tadeo,Garriga,1971-10-18,odalys74@example.net,+8374490307,25179705,No,53
290,Sergio,Bueno,2004-05-05,soledadcomas@example.net,+4706297266,36599261,Sí,20
291,María Jesús,Borrás,1961-06-03,hilariosalas@example.com,+7308343210,33498142,Sí,63
292,Melania,Figueras,1977-01-05,iatienza@example.org,+302446358,77686003,Sí,47
293,Eutropio,Solana,1991-12-23,chelo02@example.com,+1035667824,43010777,Sí,33
294,Daniel,Marín,1998-06-02,seguicustodia@example.net,+6156652572,77190608,Sí,26
295,Primitivo,Campo,1980-12-20,jordialsina@example.net,+400639237,39118579,Sí,44
296,Omar,Franch,1961-01-25,bienvenidazabala@example.com,+3857770712,13915526,No,63
297,Julio César,Pacheco,1993-12-29,alondra42@example.net,+1000090586,36536919,No,31
298,Reyes,Jódar,1969-12-07,modestocolom@example.com,+6553774390,54862120,No,55
299,Silvio,Gabaldón,1959-08-28,torresanunciacion@example.org,+9021420250,71620687,No,65
300,Fidel,Villalba,1979-12-16,milagros45@example.net,+9864962309,47779502,Sí,45
301,Eutropio,Ávila,1967-07-13,faustinoasensio@example.com,+8284773881,13501330,No,57
302,Bárbara,Parejo,1985-05-17,xtenorio@example.net,+7038036421,80299221,Sí,39
303,Segismundo,Oller,1960-03-07,dalila49@example.org,+5763207095,91956431,No,64
304,Gustavo,Ricart,1969-08-22,valentingeorgina@example.net,+3045368206,88020018,Sí,55
305,Manuela,Ávila,2004-09-14,iris38@example.com,+6642300992,39602989,No,20
306,Eusebio,Romero,1956-11-01,palauurbano@example.net,+7351189908,50788112,Sí,68
307,Marina,Rubio,1975-10-17,francogala@example.com,+2159220861,83107094,Sí,49
308,Cloe,Rey,1995-04-17,bravomanuela@example.net,+8170955219,90450657,Sí,29
309,Agustín,Vega,1963-05-15,odalys92@example.org,+151004104,95521224,Sí,61
310,Rosario,Bolaños,1959-03-27,inigocampillo@example.net,+8417813821,50057488,No,65
311,Leyre,Verdugo,2006-02-14,alberobernardo@example.org,+410015488,14189529,Sí,18
312,Víctor,Colom,1996-08-07,celestinofiol@example.net,+2911079117,71262889,Sí,28
313,Amancio,Ríos,1991-10-08,rblazquez@example.org,+8177945907,36755638,No,33
314,Maura,Sanabria,2000-12-17,nbarco@example.com,+2745977422,31915232,Sí,24
315,Concepción,Garcia,1954-11-30,lupitaruiz@example.net,+7050581449,54968714,No,70
316,Raúl,Pujadas,1959-07-29,ncanton@example.net,+8732171029,88511273,Sí,65
317,Goyo,Sales,1999-07-03,almapages@example.org,+5634251439,73106902,No,25
318,Amancio,Téllez,1963-10-06,ebayon@example.org,+924939485,85093253,Sí,61
319,Primitivo,Valera,1983-10-21,ebaez@example.com,+1313720412,66114885,No,41
320,Elena,Mayo,2006-06-21,maxiaramburu@example.org,+5632915316,62780641,No,18
321,Bibiana,Navarro,1999-09-26,salvador76@example.net,+6225269488,73582607,No,25
322,Diego,Bueno,1960-07-27,castilloremedios@example.org,+2835200628,98356049,No,64
323,Eric,Carrión,1966-05-10,octaviaescamilla@example.net,+9534500418,50657989,Sí,58
324,Ana Sofía,Pagès,1983-03-17,loreto16@example.org,+1691458981,35918412,No,41
325,Pascual,Benavent,2004-04-25,chelo09@example.com,+5443486148,10709976,Sí,20
326,Cándida,Soriano,1965-04-16,yessicahervia@example.com,+6782847562,99056388,No,59
327,Viviana,Sanz,1975-09-21,luis-miguel96@example.com,+6142970177,17311350,Sí,49
328,Claudia,Barriga,1985-06-19,ecastrillo@example.net,+5480328700,99921963,Sí,39
329,Roberto,Yáñez,1995-08-25,dionisiogarate@example.net,+6524684657,27875602,Sí,29
330,Ágata,Dalmau,1980-04-22,barraldemetrio@example.net,+681959981,32158322,Sí,44
331,Ana,Olivera,2001-08-28,albinazapata@example.com,+9017644890,82093261,Sí,23
332,Leocadia,Huerta,1954-02-19,qquintero@example.net,+486126654,87882214,No,70
333,Roberta,Acosta,1967-08-04,kcueto@example.net,+7311565513,83926019,No,57
334,Bárbara,Morante,1981-11-06,maria-carmenplanas@example.net,+7530630093,23803142,No,43
335,Macaria,Artigas,1965-01-17,roque73@example.org,+9547391411,23875536,No,59
336,Cebrián,Guardiola,1972-01-01,federico44@example.org,+7564054680,96274841,Sí,52
337,Lilia,Agustí,1988-03-05,qatienza@example.org,+715880766,69408795,Sí,36
338,Cristóbal,Sanmiguel,1959-06-11,ibanezbonifacio@example.com,+4028893275,15706022,Sí,65
339,Bartolomé,Campos,1997-10-08,luzjimena@example.org,+3169969302,48170335,Sí,27
340,Eladio,Girón,1960-06-25,umariscal@example.com,+7664448953,51740583,No,64
341,Adoración,Luque,1997-06-20,purificacion26@example.net,+6677031465,78192963,Sí,27
342,Nereida,Martin,1974-01-26,ruben68@example.com,+7862706837,17707837,No,50
343,Leopoldo,Quesada,1973-11-03,fdiego@example.org,+666410290,48861106,No,51
344,Juan Francisco,Salcedo,1971-03-01,yesica98@example.com,+4077938208,33282743,Sí,53
345,Julio César,Gargallo,1978-04-05,domingo70@example.com,+4573881275,12802880,Sí,46
346,Emelina,Pagès,1979-10-11,xmartinez@example.com,+1224893310,80217386,Sí,45
347,Ariadna,Colom,1963-12-04,cloe25@example.com,+7192941231,28184181,No,61
348,Filomena,Madrid,1996-11-29,jleal@example.org,+952770164,88778306,Sí,28
349,Albert,Guillén,1971-12-26,herreroagapito@example.com,+7415902336,98918848,Sí,53
350,Blas,Criado,1955-07-21,carpioolimpia@example.net,+7738209524,98788110,No,69
351,Guiomar,Acevedo,1961-01-22,palomarpastor@example.net,+9366222253,16762074,Sí,63
352,Bernarda,Barrios,1963-10-13,svalcarcel@example.com,+4328043343,77834942,No,61
353,Fabio,Villena,1973-11-16,rebecaparra@example.org,+9131255999,95147184,No,51
354,Victoria,Sola,1964-07-19,marisela54@example.net,+4079845034,57772319,Sí,60
355,Ale,Melero,1968-10-26,buenolara@example.net,+9995056997,92134636,No,56
356,Valero,Alarcón,1978-02-25,manuelitavillalonga@example.com,+6073468326,34446796,No,46
357,Nicodemo,Valverde,2003-10-29,alfaroemiliana@example.com,+7191809922,98075090,Sí,21
358,María Belén,Paniagua,1954-04-10,neiraagustin@example.com,+1034633366,65034075,No,70
359,Beatriz,Castilla,1989-10-17,raquel90@example.com,+6764226541,23201267,Sí,35
360,Balduino,Arregui,1985-07-09,benjamin02@example.com,+4978657511,65708704,No,39
361,Álvaro,Hernandez,1991-08-10,vmanrique@example.com,+6288717462,98297935,No,33
362,Calixto,Arjona,1997-09-07,mariselagascon@example.org,+9362131703,54028710,No,27
363,Dominga,Saavedra,2001-12-22,uribera@example.net,+7417050707,72440570,No,23
364,Nereida,Roman,1957-06-18,jordanalcantara@example.net,+9340589685,94885686,Sí,67
365,Amando,Olivares,1992-07-05,maxibarral@example.org,+6826286140,94962046,No,32
366,Santiago,Terrón,1987-11-23,anitaortuno@example.org,+9583877896,63967568,Sí,37
367,Pablo,Sáenz,1965-03-05,rosa-maria08@example.org,+3520624186,53905446,Sí,59
368,Begoña,Navas,2005-06-29,pradorafael@example.org,+8796625003,62166530,No,19
369,Silvestre,Español,1996-08-22,sleon@example.net,+3452244830,80488896,Sí,28
370,Bonifacio,Saldaña,1987-12-21,norbertomedina@example.net,+1004022078,32595513,Sí,37
371,Angelino,Diaz,1993-01-14,lucianoramos@example.com,+7509096412,12338861,No,31
372,Mario,Iniesta,1990-11-11,jose-luispozo@example.net,+5161251509,80211165,No,34
373,Darío,Donaire,1987-05-05,svalentin@example.org,+6483984862,93100952,No,37
374,Narciso,Bejarano,2006-09-12,olivaresrosalia@example.com,+7134777863,90410551,Sí,18
375,María Del Carmen,Gomila,2006-04-18,cnunez@example.org,+909020102,81929088,No,18
376,Yéssica,Nogueira,2003-07-30,roberta62@example.com,+1236621196,11698630,No,21
377,Joaquín,Río,1985-12-05,octaviaalegria@example.net,+3693753960,64736101,No,39
378,Evaristo,Roldan,1960-02-10,jose-antoniogarzon@example.com,+1119315529,58233783,No,64
379,Ainara,Pedraza,1965-10-08,javieramacias@example.com,+93875966,59863743,Sí,59
380,Calista,Pedrero,2001-01-27,angelita02@example.com,+2062667916,53640491,No,23
381,Luciana,Colom,1993-11-27,obarral@example.net,+6139606897,45503827,No,31
382,Josefina,Blázquez,1995-07-11,david03@example.com,+9162534218,10678943,Sí,29
383,Amor,Carbonell,1977-06-21,sabas85@example.net,+9157419745,99029267,Sí,47
384,Aureliano,Ayllón,1994-07-06,epizarro@example.org,+8547982554,66977343,Sí,30
385,Raimundo,Barreda,2006-06-01,nazario34@example.org,+7326993212,48208637,No,18
386,Isidro,Beltran,1978-05-15,jbustamante@example.com,+6190910063,35893836,Sí,46
387,Mamen,Raya,1959-09-30,patriciocortes@example.net,+296094619,32611288,Sí,65
388,Luis Ángel,Llamas,1991-10-19,tcarlos@example.net,+1060236153,73292862,Sí,33
389,Delfina,Herrero,1957-07-18,sara86@example.org,+9080607370,91169474,No,67
390,Galo,Vaquero,2006-05-01,sgibert@example.com,+4340805216,25031718,No,18
391,Aristides,Plana,1991-01-04,mbenito@example.com,+2194001092,90352875,Sí,33
392,Olivia,Prats,2000-12-11,macario39@example.net,+4868520909,85591584,No,24
393,Duilio,Narváez,1970-11-19,camarateodoro@example.net,+9921279049,58759747,Sí,54
394,Daniel,Escribano,1960-01-30,brionessarita@example.org,+876268318,29239366,No,64
395,Erasmo,Almeida,1977-03-30,lrodenas@example.org,+7150706038,18948820,No,47
396,Camilo,Guardiola,1995-06-27,curromalo@example.org,+9647323087,92769193,Sí,29
397,Jose Angel,Carmona,1985-02-26,rita23@example.com,+7060315274,32009433,No,39
398,Jose Angel,Herrera,1987-08-16,ddiaz@example.org,+3980727089,32782923,Sí,37
399,Brígida,Arnal,2001-02-27,lnieto@example.org,+5847024978,37501107,Sí,23
400,Cloe,Salcedo,2005-05-14,candidococa@example.org,+4689622651,46854953,Sí,19
401,Gema,Alemany,1975-12-08,yusteloreto@example.net,+1422353156,73729190,Sí,49
402,Valentín,Serra,1978-07-15,curro02@example.com,+9621216519,54781788,Sí,46
403,Agustina,Quintanilla,1966-01-19,zllado@example.org,+9764968652,53071615,No,58
404,Vilma,Maestre,2001-04-16,vizcainomateo@example.org,+4223069494,53100198,Sí,23
405,Gerardo,Casanova,1997-10-16,roviraamerico@example.org,+7825593303,83795334,Sí,27
406,Alejandro,Samper,1999-11-25,manriquebruno@example.org,+5555621800,76356264,Sí,25
407,Trini,Vallés,1977-06-18,tplaza@example.com,+3161142672,39685385,Sí,47
408,Eugenia,Vives,1997-05-23,adrianalmagro@example.org,+5608937103,89315644,Sí,27
409,Iris,Dávila,1978-04-01,turconrado@example.com,+9071879884,34138562,No,46
410,Íñigo,López,1977-01-28,lucila49@example.com,+7781316196,26671939,Sí,47
411,Ani,Bermejo,1997-08-12,emmacabrera@example.com,+3631353934,28989950,No,27
412,Javier,Aranda,1982-10-06,rafaelagarrido@example.net,+7038474985,96935871,No,42
413,Tomás,Palmer,1997-05-11,tatiana45@example.org,+7115519459,79091805,No,27
414,Cayetana,Muñoz,1998-04-04,maxima30@example.net,+5585449754,99452389,Sí,26
415,Nayara,Carmona,2000-09-04,yarce@example.net,+2227723886,70225384,Sí,24
416,Luciano,Marcos,2006-08-20,cornejoascension@example.net,+8586046866,36819227,No,18
417,Chus,Cerdán,1955-06-29,teofila12@example.com,+9591844980,41233055,No,69
418,Cecilio,Lozano,2004-01-22,josegarces@example.com,+3024146751,15588371,No,20
419,Violeta,Mercader,2003-03-20,quirogaiban@example.com,+4961559174,83625926,Sí,21
420,Marino,Atienza,1984-10-15,mauriciorivero@example.org,+6941952753,49626399,No,40
421,Selena,Acosta,1973-10-13,lauramontana@example.com,+6800745943,17833797,Sí,51
422,Aitor,Atienza,1970-08-13,muletlupe@example.com,+2496197351,80209130,Sí,54
423,Germán,Molins,1955-11-07,ruedamaria-fernanda@example.com,+6838873281,84706807,No,69
424,Gustavo,Lobato,1988-03-14,ocasal@example.net,+5840279850,49504946,No,36
425,Jenaro,Girona,1964-08-16,brionesmaricruz@example.net,+6233363009,30469926,Sí,60
426,Calixto,Contreras,1971-04-17,expositolara@example.net,+3985957641,80886345,No,53
427,Carlito,Revilla,1986-09-30,cobolilia@example.org,+97104390,74996081,No,38
428,Amancio,Guijarro,1966-12-08,gaston02@example.net,+4612627504,29056322,Sí,58
429,Edelmira,Aroca,2002-07-16,quevedonorberto@example.com,+9228649569,81747161,No,22
430,Cayetano,Colomer,1964-03-26,celestinoanton@example.com,+7241178129,32647443,No,60
431,Juanita,Casanova,1971-06-23,azahar54@example.org,+4304700840,49727820,No,53
432,Macaria,Priego,1986-07-14,pazexposito@example.org,+1879476861,16176790,Sí,38
433,Nicodemo,Granados,1987-09-23,alondra65@example.net,+6312991963,37798667,Sí,37
434,Dora,Pagès,1960-12-10,vilma27@example.com,+282231149,69006365,Sí,64
435,Soraya,Jerez,1955-04-12,paulino85@example.org,+7503469456,58960390,Sí,69
436,Virgilio,Guardiola,1965-12-31,manriquenereida@example.org,+6101696994,96825671,No,59
437,Maximiano,Corbacho,1966-08-06,ferreramiguel@example.org,+3341200636,99412930,No,58
438,Imelda,Mayo,1997-05-04,cardonaliliana@example.com,+3334979049,24183541,Sí,27
439,Toribio,Jaume,2000-10-19,ubueno@example.net,+9086230611,15011244,No,24
440,Nicolasa,Gil,1998-10-14,almudenagarmendia@example.org,+2204959543,88611752,No,26
441,Alejandro,Iñiguez,1993-07-02,baenageorgina@example.com,+8545195873,81697441,Sí,31
442,Lilia,Sastre,1995-08-09,spedraza@example.com,+978624866,49098015,No,29
443,Adoración,Riera,1979-04-21,dboada@example.org,+5214026638,13185004,No,45
444,Fermín,Company,1995-10-29,adanbrunilda@example.org,+150461389,29306205,Sí,29
445,Marisela,Pedrero,2000-01-09,nogueraleopoldo@example.org,+555128657,81336312,No,24
446,Paca,Aragón,2000-02-11,placidoplana@example.net,+3071431695,11852702,Sí,24
447,Zaida,Sosa,1962-12-20,rosellojosefina@example.org,+4815162209,71621239,No,62
448,Yéssica,Capdevila,1974-08-12,ciriaco94@example.net,+9300169990,99387769,Sí,50
449,Ruy,Lobo,1962-05-02,luis16@example.org,+1995583873,66311280,Sí,62
450,Godofredo,Pallarès,1977-07-25,maristela24@example.org,+7311401251,94152290,No,47
451,Iván,Palma,1981-08-18,valentincruz@example.org,+1203603599,97058283,Sí,43
452,Custodio,Iniesta,1971-10-11,estrella59@example.net,+7230761037,53096764,No,53
453,Febe,Alba,1959-04-03,benaventeana-belen@example.net,+5592491267,24337531,No,65
454,Goyo,Raya,1971-02-01,fdalmau@example.net,+3543740382,28104145,No,53
455,Amparo,Galiano,2004-02-03,vmoles@example.org,+430927011,27853964,No,20
456,Diego,Berrocal,1991-07-15,lealchus@example.org,+2942126410,70620051,Sí,33
457,Cleto,Enríquez,1980-10-11,barbamauricio@example.net,+656177185,76366450,No,44
458,Manu,Velázquez,1992-03-11,eugeniacorominas@example.com,+7485131911,71636099,Sí,32
459,Anunciación,Soria,1968-05-20,irosales@example.com,+3220442524,68198844,Sí,56
460,Edelmira,Royo,2001-11-12,salvadormanuelita@example.com,+9094309733,24422773,No,23
461,Aroa,Pina,1954-11-28,kolivares@example.org,+4919634657,22238962,No,70
462,Bernarda,Pozuelo,2006-06-04,matias49@example.net,+6214181839,77213988,Sí,18
463,Aníbal,Goñi,1958-04-25,armaspepita@example.net,+4901713866,57626229,Sí,66
464,Jessica,Robledo,2002-09-25,tjordan@example.com,+7250574380,92500732,Sí,22
465,Melchor,Vila,2002-01-11,edelmiraalegria@example.org,+6275400887,50939791,Sí,22
466,Bautista,Aller,1959-06-24,alberto69@example.net,+4955448437,63157179,No,65
467,Inocencio,Iriarte,2000-03-15,huguetale@example.net,+9679674376,54691383,No,24
468,Amílcar,Miró,1972-12-28,olga68@example.org,+9928734248,93114510,Sí,52
469,Rosendo,Casals,2005-12-18,basdemetrio@example.net,+5114936522,76688660,No,19
470,Benigna,Alegria,2001-07-11,garevalo@example.org,+9015754616,98630439,No,23
471,Samuel,Isern,1968-10-23,rgomez@example.org,+5787029287,63306394,No,56
472,Lidia,Vallés,1957-07-02,pmorata@example.com,+2044729912,87320039,Sí,67
473,Verónica,Carvajal,1997-09-20,noelia01@example.net,+5900901402,79816454,Sí,27
474,Rosalía,Olivé,1960-08-15,mariainfante@example.com,+5915117036,88495661,Sí,64
475,Serafina,Batalla,1993-05-23,viviana53@example.org,+9762802140,27572785,Sí,31
476,Ovidio,Villa,1982-07-23,lorenzodomingo@example.org,+5975729327,15563225,Sí,42
477,Sebastián,Alegre,1996-10-20,carolina41@example.net,+3542240190,16315832,Sí,28
478,Roberto,Valenzuela,1989-03-15,agapito11@example.org,+8871246647,16290491,Sí,35
479,Graciana,Cadenas,1981-06-14,utomas@example.net,+9677788530,38755069,Sí,43
480,Marcos,Almagro,1965-12-25,susanitapelaez@example.com,+8657687839,86600051,Sí,59
481,Nacio,Castrillo,1960-05-24,srueda@example.org,+9521374465,14936662,Sí,64
482,Zaida,Iriarte,1960-06-30,jovitavega@example.com,+5014010590,49134045,Sí,64
483,Pascuala,Cifuentes,1972-07-14,vinajordan@example.com,+6303241168,53073397,No,52
484,Olegario,Tomas,1977-04-05,sosimo67@example.org,+6289040443,42695817,No,47
485,Áurea,Galván,1991-04-27,ligiaechevarria@example.com,+4397305787,18789617,Sí,33
486,Florencio,Boada,2006-04-05,ksarmiento@example.com,+5583222887,98553070,Sí,18
487,Cayetana,Lasa,1959-07-14,mayoralramiro@example.com,+1206384038,10741472,Sí,65
488,Araceli,Pons,1971-09-30,schacon@example.net,+7437259017,70973841,No,53
489,Martín,Miranda,1968-07-28,robertavaldes@example.com,+467218990,14701736,No,56
490,Florencia,Vara,1990-09-06,maria54@example.com,+7899152134,52897139,Sí,34
491,Remigio,Quintero,2000-09-01,rpujol@example.net,+8756256839,75344924,No,24
492,Isabel,Cervera,1992-03-09,jonatan23@example.net,+6246354342,39642805,Sí,32
493,Sabina,Agustín,1991-11-15,bcarbo@example.org,+1081176755,12270563,No,33
494,Plácido,Naranjo,1961-04-18,vicensanita@example.net,+1395544600,99802633,No,63
495,Ester,Isern,1958-04-01,jperalta@example.com,+9034112756,15126470,Sí,66
496,Ángela,Gálvez,1960-08-19,lunaribera@example.com,+8699855523,22802658,No,64
497,Íngrid,Fuster,1987-01-26,uarnaiz@example.net,+5238098522,38011389,Sí,37
498,Bárbara,Barceló,1967-09-27,hilarioesparza@example.com,+1314496552,26351868,Sí,57
499,Sarita,Moya,1960-06-08,guerrerolisandro@example.org,+8621742641,32978530,No,64
500,Silvia,Pavón,2006-04-07,zpalomares@example.net,+3556766245,84221137,No,18
501,Aristides,Prieto,1959-03-18,pmarti@example.org,+4897652275,15720855,No,65
502,Fabián,Ballesteros,1969-02-07,greal@example.net,+1094755736,84108279,No,55
503,Adela,Fuertes,1953-12-19,bruno95@example.com,+9516285062,80750418,Sí,71
504,Jaime,Lucena,1955-11-20,vroca@example.net,+9572601364,57267550,No,69
505,Noemí,Quevedo,1982-08-01,cruz27@example.com,+458675009,47931502,No,42
506,Mateo,Yuste,1971-02-22,seve46@example.net,+2980467580,81502976,No,53
507,Brunilda,Oliva,1958-08-05,tejerolorenza@example.com,+3077175638,52589163,No,66
508,Máxima,Bernad,1973-02-11,xiriarte@example.net,+2390918033,96136591,No,51
509,Dominga,Castell,1970-11-22,reynaldoropero@example.com,+7269199122,54156631,Sí,54
510,Susana,Hidalgo,1962-12-02,dsedano@example.net,+4087840589,71063013,Sí,62
511,Lope,Ferrera,1982-07-28,wescriva@example.com,+5835716950,34230672,No,42
512,Alejo,Fiol,1963-06-15,custodiotellez@example.net,+2400859205,22199893,Sí,61
513,Maxi,Valle,1994-07-17,vhoz@example.net,+6353695895,23619993,No,30
514,Felipa,Ramón,1981-03-21,dfernandez@example.com,+8524258022,80912189,No,43
515,Leonardo,Gordillo,2000-11-11,rosatadeo@example.net,+6855935958,69125636,No,24
516,Fabiana,Sosa,1983-12-11,polograciela@example.com,+7339553499,74533401,Sí,41
517,Silvio,Canals,1986-08-01,cadenasisaura@example.org,+573837052,48541263,No,38
518,Armida,Sáenz,1980-07-10,tbenitez@example.com,+1934823925,15645359,No,44
519,Clarisa,Melero,1980-05-27,rosalesabel@example.com,+1185482037,67635604,No,44
520,Tadeo,Benavides,1988-03-27,arreguijavier@example.org,+480508049,82192413,Sí,36
521,Mar,Romero,1975-11-29,nuria16@example.org,+1619785543,26739429,No,49
522,Demetrio,Esteban,1979-10-08,expositocesar@example.org,+6269755737,49483771,No,45
523,Josep,Martorell,1983-11-06,adoracionvera@example.com,+2764303175,60764127,No,41
524,Marta,Sebastián,1971-02-08,candelario55@example.com,+9650474435,49642830,No,53
525,Marc,Barreda,2003-01-30,walterflor@example.org,+7292373231,34726007,Sí,21
526,Graciela,Cabello,1970-06-05,ignaciaortiz@example.org,+683366927,42070575,No,54
527,Alondra,Villalba,2003-03-11,maricelaalcalde@example.com,+1693667101,98965287,No,21
528,Trini,Acedo,1956-01-26,bvillalonga@example.org,+6746568141,84693342,No,68
529,Mercedes,Alemán,1978-05-10,rosenda13@example.org,+7064407701,92108492,Sí,46
530,Pedro,Orozco,1969-07-31,victorcolomer@example.org,+2617763746,96092693,No,55
531,Esther,Durán,1986-11-02,comasflavia@example.net,+7747528612,98187153,Sí,38
532,Carmelo,Fajardo,1989-05-04,carlito31@example.com,+4078486597,14854659,Sí,35
533,Salomón,Cortés,1988-07-18,xalemany@example.net,+3569250793,85007048,Sí,36
534,Dora,Sobrino,1965-10-05,jose-ignacio38@example.com,+1043729882,46903485,No,59
535,Lupita,Hierro,1993-06-01,remigio97@example.net,+9727321717,74811122,Sí,31
536,Sofía,Gallego,1975-02-05,domingogalindo@example.com,+8201174921,90833607,No,49
537,Jesusa,Grau,1984-05-27,ovidio56@example.net,+1660376502,40963662,Sí,40
538,Cosme,Cervantes,2003-09-16,hcastell@example.net,+9762912124,86803440,Sí,21
539,Haroldo,Ortiz,1999-11-01,ofrutos@example.com,+1390838127,28495965,No,25
540,Poncio,Morell,1988-11-27,odalis64@example.org,+2908586156,13949658,Sí,36
541,Esteban,Frutos,1972-02-18,eugeniasarabia@example.net,+8545858256,22937071,No,52
542,Custodio,Falcón,1980-02-08,gpoza@example.com,+585577171,99014012,Sí,44
543,Rómulo,Ramos,1961-09-03,osvaldo60@example.net,+6612455717,15662081,No,63
544,Tristán,Barceló,1968-10-30,bbenavides@example.net,+4435860297,99896047,No,56
545,Eutimio,Nadal,1996-02-04,parejojose-carlos@example.net,+2220051713,38580140,Sí,28
546,Benito,Ferrando,1962-04-10,mmenendez@example.com,+4686647479,91513066,Sí,62
547,Maximino,Frías,2005-08-25,nroyo@example.com,+4416476404,80428635,No,19
548,Isidoro,Ordóñez,1988-11-19,urenamaximiliano@example.net,+9831040582,31634566,No,36
549,Cristina,Franch,1987-12-16,luqueluna@example.com,+5990987327,60944301,Sí,37
550,Alcides,Campo,1980-12-25,biriarte@example.com,+4259700206,77143280,Sí,44
551,Rosalía,Zabaleta,1957-02-26,vilma82@example.net,+9222843547,18972964,No,67
552,Pancho,Prado,1986-09-06,olegariomonreal@example.org,+6215517463,98329838,Sí,38
553,Germán,Santamaria,1999-07-28,hortensia97@example.net,+5240692931,92365776,No,25
554,Graciela,Valcárcel,1962-02-22,jaguirre@example.org,+8348327748,78764645,Sí,62
555,Flavia,Andrade,1990-11-24,vcoronado@example.com,+783550631,56628252,No,34
556,Melania,Manjón,1963-12-29,calistapardo@example.net,+3054923570,61625209,Sí,61
557,Primitivo,Tovar,1965-12-12,julian48@example.com,+6621147711,28560654,No,59
558,Teresa,Albero,2002-01-04,santiagomaria-teresa@example.net,+7394711821,55413074,Sí,22
559,Cornelio,Valenzuela,1978-11-06,anselmodiego@example.com,+4753820662,75319819,Sí,46
560,Florencio,Moles,1956-02-07,martina56@example.net,+4514572641,20286477,No,68
561,Adoración,Cervera,2003-01-10,gisbertgracia@example.com,+8367916514,60092253,Sí,21
562,Poncio,Calderon,1956-09-20,segismundoherrera@example.org,+9927772103,60031707,Sí,68
563,María Del Carmen,Fajardo,2004-04-16,claudio10@example.com,+6926522094,30966804,Sí,20
564,Maura,Garriga,1991-05-19,teofila05@example.org,+6409579436,44429883,Sí,33
565,Virgilio,Ferrándiz,1965-12-05,trinidadmendez@example.com,+1365321804,23903929,Sí,59
566,Soraya,Carrillo,1966-07-03,ysanabria@example.org,+1513377405,39571447,Sí,58
567,Jose Antonio,Moya,1966-10-19,batallarosalia@example.com,+4665442239,36698888,Sí,58
568,Joan,Pérez,1998-05-12,fonsecajosep@example.net,+9854797234,22030173,No,26
569,Ángela,Alemán,1974-03-31,angelica90@example.com,+6896335133,41274929,No,50
570,Francisco Jose,Falcó,1994-02-02,narciso90@example.com,+8601677345,54282236,Sí,30
571,Rogelio,Duarte,1997-09-23,abigail48@example.net,+5587065232,82456321,Sí,27
572,Celso,Acosta,1983-09-27,rosaura12@example.net,+4732108130,50576911,Sí,41
573,Áurea,Palomo,1954-11-09,vayala@example.net,+4022606584,45669298,No,70
574,Jonatan,Sandoval,1998-04-16,rcarrasco@example.com,+5051793581,62297331,No,26
575,Mar,Heredia,1978-05-11,mirregina@example.net,+7296452590,59316187,Sí,46
576,Darío,Campo,1955-01-09,domitilagomez@example.com,+7615858535,94384197,No,69
577,Paco,Cisneros,1955-09-07,ainoamarquez@example.com,+6507153659,44905992,No,69
578,José Luis,Guillen,1980-12-19,benjaminalba@example.org,+4946314240,33912154,No,44
579,Fermín,Alegre,1997-05-02,dulcepavon@example.net,+8167736465,71797109,No,27
580,Olimpia,Ayala,1963-09-26,dominga43@example.net,+1411730847,58257783,No,61
581,Julio,Real,1972-11-19,irma96@example.com,+7592561090,53328619,No,52
582,Gustavo,Robledo,1982-09-01,rodolfollorente@example.org,+5425104216,90579399,Sí,42
583,Piedad,Jerez,1986-09-02,calteo@example.org,+2006113550,70079452,Sí,38
584,Alfonso,Nicolau,1982-12-28,truano@example.com,+7992778373,14087923,Sí,42
585,Claudio,Zamorano,1997-08-10,mcoca@example.com,+2089241328,83181255,No,27
586,Carmelo,Corominas,1998-02-21,xgonzalez@example.net,+921860633,63835628,No,26
587,Anunciación,Hernández,2006-08-25,rafaelacastillo@example.net,+3198848333,83527713,No,18
588,África,Seco,1974-04-23,saenzclimaco@example.org,+3636464191,92671074,No,50
589,Aureliano,Montserrat,2003-07-06,lbarrera@example.org,+8677115697,70489097,No,21
590,Tamara,Atienza,1970-04-22,tejerafederico@example.com,+9266059503,41722703,Sí,54
591,Cebrián,Calvet,1994-08-13,cipriano58@example.org,+9230516215,59616180,Sí,30
592,Jaime,Santamaría,1961-10-25,hramis@example.org,+3577013391,98960546,No,63
593,Noé,Tudela,1975-07-12,francisco-jose18@example.org,+2905215491,88079560,No,49
594,Noé,Blanca,1958-03-27,bcaparros@example.com,+1068873658,34142488,No,66
595,Héctor,Caballero,1954-04-22,vilaltatimoteo@example.org,+9481968357,91775030,Sí,70
596,Marcelo,Almeida,1997-03-12,yvidal@example.net,+3828479584,38979974,Sí,27
597,Gabriel,Montalbán,1961-10-04,tomasahernando@example.org,+8033135363,18538806,No,63
598,Evaristo,Porta,1999-04-20,nroyo@example.net,+8456191424,78556349,No,25
599,Petrona,Suárez,1985-05-07,cristobalblazquez@example.net,+757318506,33470735,No,39
600,Gala,Villanueva,1973-09-28,mirta08@example.com,+8278713446,33153282,Sí,51
601,María Pilar,Cortés,1998-01-29,oacevedo@example.com,+847970270,54548148,Sí,26
602,Moisés,Trillo,1984-11-20,martincasals@example.org,+1588083635,36706546,Sí,40
603,Gervasio,Carnero,1977-05-21,xportillo@example.org,+5255892160,52324068,No,47
604,Felix,Moreno,1961-11-20,pardovanesa@example.net,+9285333028,62543608,No,63
605,Cruz,López,1978-10-17,ejurado@example.org,+1003470095,10647448,No,46
606,Felipa,Aparicio,1959-04-21,visitacionosuna@example.com,+4956426084,81894506,No,65
607,Esmeralda,Mascaró,1998-09-28,oriba@example.com,+3660114954,79143295,Sí,26
608,Chucho,Sierra,1964-08-09,arsenio22@example.net,+3891821315,58065155,Sí,60
609,Julio,Serrano,1955-06-29,zcarnero@example.org,+6119776739,17301969,No,69
610,Pastora,Sanjuan,1978-06-10,gregorioarevalo@example.com,+8265102542,76120178,No,46
611,Loida,Sancho,1980-03-20,asuncionpuerta@example.com,+3604475844,63169691,No,44
612,Inés,Bravo,1972-11-30,farreponcio@example.org,+1077017084,79138518,Sí,52
613,Fausto,Carrión,1964-08-17,epifaniogarrido@example.net,+5665554235,55192692,No,60
614,Jovita,Lobato,1978-12-16,ngarmendia@example.com,+9608089247,82395822,Sí,46
615,Aránzazu,Flores,1965-06-30,tomasaperera@example.org,+2081234108,20797318,No,59
616,Damián,Villar,1979-06-11,cocaolivia@example.org,+1389812082,59169526,Sí,45
617,Fidel,Ayuso,1991-04-26,gabino10@example.net,+5705635722,91517340,Sí,33
618,Macaria,Palomar,1973-08-20,bernardofortuny@example.com,+9124357258,88625296,No,51
619,Emilia,Español,1979-12-18,aura22@example.net,+36582339,47227856,Sí,45
620,Socorro,Enríquez,2001-12-12,quique93@example.org,+2389894372,44734118,No,23
621,Adalberto,Gallego,2006-04-19,jose-mariacepeda@example.org,+1753710478,27607203,Sí,18
622,Cebrián,Barros,1956-07-10,morilloalex@example.net,+8647305466,17129363,No,68
623,Juliana,Domingo,1963-06-09,haguilera@example.net,+2213729416,41490182,Sí,61
624,Juliana,Martín,2000-08-27,octaviobarrios@example.net,+3792681695,13229253,Sí,24
625,Agustina,Calvo,1978-10-09,danielgamez@example.org,+6025675340,10991599,Sí,46
626,Filomena,Cortes,1959-09-18,luzhernando@example.com,+596635417,95668548,No,65
627,Olga,Blanca,1999-10-23,mjurado@example.org,+925237730,23065412,No,25
628,Edmundo,Navarrete,1957-10-17,ligia13@example.org,+3593402316,65206427,Sí,67
629,Cirino,Monreal,1989-09-03,yesica48@example.com,+8751747167,46612026,No,35
630,Perla,Pinedo,1971-02-23,marmengol@example.com,+4569150623,42327652,Sí,53
631,Duilio,Pallarès,1970-11-22,sandra10@example.net,+7511424604,83058437,No,54
632,Filomena,Valcárcel,2005-06-17,armidapalmer@example.org,+1805221942,86566521,No,19
633,Leandra,Alvarado,1994-12-09,marinandres-felipe@example.net,+4262794589,18777492,Sí,30
634,Diego,Quevedo,1989-02-06,morilloarcelia@example.com,+1878556584,35943143,Sí,35
635,Yéssica,Bernal,1973-01-19,escolanofortunato@example.com,+264404963,71222315,No,51
636,Pelayo,Reina,1973-04-15,karellano@example.net,+8420832837,86717713,No,51
637,Angélica,Trillo,1994-06-18,concepciontejada@example.org,+1905634783,23066846,Sí,30
638,Guiomar,Calvo,1981-05-03,banoshector@example.net,+6339119983,52614035,No,43
639,Patricia,Silva,1975-09-02,tluis@example.net,+906697168,41787082,No,49
640,Mar,Perea,1965-03-29,adanhigueras@example.com,+7989835996,48231618,Sí,59
641,Omar,Oliva,1981-05-07,anacletosalazar@example.org,+5275378406,40303390,Sí,43
642,Rafa,Polo,1985-01-26,lazaro50@example.org,+3954319943,31025344,No,39
643,Marcia,Tejada,1967-12-13,natividad38@example.org,+443678955,76510614,Sí,57
644,Dani,Tejada,2003-02-15,adadiaignacio@example.net,+7703089594,41100021,Sí,21
645,Socorro,Valdés,1956-02-05,sebastian86@example.org,+6145748110,10552198,Sí,68
646,Maximiliano,Mayol,1965-02-21,alonsoalberola@example.net,+1821301826,26655226,Sí,59
647,Olimpia,Guerrero,1964-08-01,zuritaana-belen@example.com,+9031220214,17815089,No,60
648,Godofredo,Cid,1981-02-13,fuenteslourdes@example.org,+9703540930,73578112,No,43
649,Marcia,Otero,1992-11-19,ponciotomas@example.net,+2296659727,89793468,No,32
650,Nayara,Valentín,2000-04-10,eladio26@example.com,+1348015708,52492828,No,24
651,Jenaro,Barroso,1981-12-20,yacevedo@example.org,+3549986045,16135470,No,43
652,Maricruz,Puig,1972-04-08,xorozco@example.com,+4357909860,32704372,Sí,52
653,Encarnacion,Ferrer,2000-01-21,maite52@example.net,+2230209847,83218931,No,24
654,Fausto,Ballester,2006-10-10,roblesdomingo@example.org,+1736881119,17488995,No,18
655,Jacobo,Atienza,1964-01-15,joan48@example.org,+8883283158,85804502,Sí,60
656,Enrique,Ureña,1993-04-05,bertranaura@example.org,+190403468,71205216,Sí,31
657,Cristian,Malo,1960-03-27,vidaldafne@example.com,+6987086652,90828238,Sí,64
658,Rufina,Heras,1971-07-27,eugeniapintor@example.com,+2696189013,92238707,No,53
659,René,Tamarit,1964-11-02,xlucena@example.com,+3725520432,36818275,Sí,60
660,Gerardo,Torrents,1992-10-04,luz62@example.com,+5967866780,78786931,Sí,32
661,Morena,Casal,1988-08-27,whuertas@example.org,+4822014569,79086392,No,36
662,Lorenzo,Abascal,1962-05-09,piedad14@example.net,+9217708417,84443692,No,62
663,Plácido,Cal,1988-02-29,berta09@example.net,+1754555759,74440972,No,36
664,Pascual,Olivera,1996-05-02,rivaselodia@example.net,+4284908810,66955833,Sí,28
665,Maxi,Bosch,1963-06-27,barberovisitacion@example.net,+3945454326,34301515,Sí,61
666,Rufino,Almeida,1997-03-12,fgracia@example.net,+8216013781,63400926,Sí,27
667,Abilio,Camino,1980-05-15,benjaminbatlle@example.net,+6202401925,95880233,Sí,44
668,Juan Luis,Quintanilla,1987-11-26,sastrebernabe@example.net,+4057672180,14070097,No,37
669,Santiago,Barreda,2003-06-16,bcerdan@example.net,+7163360179,98786669,No,21
670,Carlos,Valenciano,1968-09-01,ferminroman@example.org,+7080969132,67873473,Sí,56
671,Nazario,Salmerón,1976-12-28,tmur@example.org,+7399656125,66624354,Sí,48
672,Wálter,Izquierdo,1973-12-18,sbaro@example.com,+3437982219,67916223,No,51
673,Fabio,Domingo,1974-12-08,eva-maria85@example.com,+3166324452,26767938,Sí,50
674,Carmelo,Villalonga,1997-01-23,fmontalban@example.com,+4100289672,42014322,Sí,27
675,José,Cañellas,1977-05-04,ismaelvalderrama@example.com,+402287281,51938723,Sí,47
676,Angelita,Tomas,1961-05-11,estebanrosalva@example.net,+4979365967,29464036,Sí,63
677,Venceslás,Vendrell,1984-07-08,benaventrodolfo@example.net,+6157720394,19599287,Sí,40
678,Angelita,Mendez,1992-12-13,martintorrents@example.org,+27333113,22498679,No,32
679,Roberta,Santiago,1977-07-12,usilva@example.net,+1304734662,62437511,Sí,47
680,Juanita,Quintero,1983-10-10,lupeporta@example.com,+8740656621,50777824,No,41
681,Rosa,Guijarro,1959-11-15,coelloasdrubal@example.net,+9159612580,64442148,No,65
682,Lola,Nebot,1970-03-30,graciaagata@example.net,+9046004765,32547900,Sí,54
683,Anselmo,Rios,1967-04-03,eugenia42@example.com,+6182595464,20313372,No,57
684,Carlito,Priego,1977-08-11,maria28@example.com,+4592054277,97200745,Sí,47
685,Martin,Acuña,1982-07-16,chuscorrea@example.org,+2833346136,49264107,Sí,42
686,Marisol,Peral,1990-11-16,slorenzo@example.com,+3152557620,35176812,Sí,34
687,Fortunata,Montenegro,1972-05-09,edelmira25@example.org,+4580446524,42826448,Sí,52
688,Marcelino,Amorós,1994-05-12,vallesbelen@example.org,+9659684357,74883431,No,30
689,Gil,Requena,2006-07-02,noe92@example.com,+3810785507,91825313,No,18
690,María Cristina,Aragonés,1977-01-20,rierasarita@example.org,+2370950863,80666986,Sí,47
691,Apolonia,Pellicer,1984-07-09,esparzarosa@example.org,+4658763344,68542202,Sí,40
692,Lara,Grau,1969-05-15,rbotella@example.org,+6306846917,11840057,Sí,55
693,Nayara,Palomar,1989-12-22,dora39@example.org,+8362419437,39688590,No,35
694,Anabel,Perera,1957-06-08,catalaarmando@example.org,+605207905,21063460,Sí,67
695,Ascensión,Castro,1999-10-12,eliseo04@example.org,+7478162186,80145038,No,25
696,Elisabet,Escrivá,1980-06-19,eufemia24@example.net,+3763337243,73239308,No,44
697,Lorena,Cobos,1980-05-27,bborras@example.org,+6959865225,90229563,No,44
698,Jesús,Agustín,1988-06-19,ncheca@example.org,+6660386496,82163686,Sí,36
699,María Jesús,Barrio,1989-11-26,beldaconcha@example.net,+4192894812,34419521,Sí,35
700,Magdalena,Fajardo,1979-02-28,calixtogomila@example.com,+6082260716,84943943,No,45
701,Marisol,Alberto,1965-02-25,ptaboada@example.net,+8409791273,16854621,No,59
702,David,Diaz,1967-09-14,gregoriomillan@example.org,+9019453567,94547801,No,57
703,Paz,Lluch,1979-05-17,yessicacerdan@example.com,+3704766878,57958693,Sí,45
704,Juan Antonio,Becerra,2004-06-19,benaventeromulo@example.com,+3886790800,81114403,No,20
705,Teodoro,Cabello,2004-04-24,humbertoazorin@example.org,+7266000580,90193862,Sí,20
706,Delia,Arrieta,1986-06-04,lorenza26@example.org,+8443554566,83085354,No,38
707,Federico,Zabaleta,1960-03-21,pascualacalleja@example.net,+4559944070,71497688,Sí,64
708,Fermín,Espejo,1981-06-24,macario41@example.net,+4298321198,86239676,No,43
709,Miguel,Izquierdo,2005-02-17,jovepascuala@example.net,+2113140264,76163738,Sí,19
710,Melania,Salom,1976-04-07,ordonezdebora@example.org,+4942537389,34628569,Sí,48
711,Chuy,Olivares,1978-01-23,ainara55@example.com,+8805779237,14237533,No,46
712,Débora,Capdevila,1973-09-28,klerma@example.net,+6363759937,95189438,Sí,51
713,Emilia,Arribas,1962-09-24,rruiz@example.net,+578321913,11853923,Sí,62
714,María Fernanda,Delgado,1978-08-17,zecheverria@example.org,+8783067348,10845656,No,46
715,Gema,Riera,1987-04-28,baltasarcasals@example.com,+7329346634,34918073,No,37
716,Domingo,Molina,2005-02-06,irene50@example.net,+7030443918,42323020,No,19
717,Rosa María,Galvez,1956-01-04,wballester@example.org,+4544615366,88647921,No,68
718,Micaela,Palomino,1968-05-17,ujaume@example.org,+2495898852,67172499,No,56
719,Casemiro,Porta,1954-03-03,olluch@example.com,+5150472530,38703836,No,70
720,Eustaquio,Alcaraz,2001-11-16,fortunato34@example.com,+8357673448,41409170,No,23
721,Julie,Llorente,1985-03-14,guitartsancho@example.net,+4794973674,94452359,Sí,39
722,Modesta,Marin,1978-12-05,sebastian10@example.net,+7300562595,49418445,Sí,46
723,Marcelino,Bosch,1991-06-05,macarenacardona@example.org,+336447395,47195062,Sí,33
724,Manuela,Arce,1976-02-23,guiomar24@example.org,+7712579181,38161700,Sí,48
725,Tadeo,Rosselló,1964-02-18,nayara85@example.com,+858164076,52086202,No,60
726,Pancho,Hernández,1992-10-08,margaritabatlle@example.org,+9955848325,49869963,No,32
727,Isaura,Castilla,1992-05-12,horacio50@example.net,+5506845985,32752473,Sí,32
728,Petrona,Jara,1997-07-13,adolfo73@example.net,+7441976668,88141750,Sí,27
729,Luis,Vergara,1988-12-27,rdalmau@example.com,+5956820992,47300583,Sí,36
730,Pastora,Sabater,1956-08-26,qbenavente@example.org,+3755197564,80433183,No,68
731,Ovidio,Landa,1961-10-15,fernanda05@example.net,+6155347381,61746870,No,63
732,Aránzazu,Tomás,1986-11-01,ingridvarela@example.net,+4293618068,60169062,Sí,38
733,Ismael,Galán,1981-11-20,manololluch@example.org,+2442123047,71343523,No,43
734,María Manuela,Huerta,1992-01-19,angelinofolch@example.com,+9977130855,83578173,No,32
735,Clementina,Heras,2004-11-28,alejandra71@example.org,+8977408673,66352670,Sí,20
736,Bárbara,Lerma,1978-11-01,osalamanca@example.net,+1308527388,76629173,Sí,46
737,Rosenda,Pujadas,2001-12-07,bmelendez@example.com,+708048761,41712381,Sí,23
738,Guiomar,Suarez,1955-04-12,ladadia@example.com,+1210858250,95335180,Sí,69
739,Nayara,Castillo,1954-10-31,gilvalderrama@example.org,+8301409792,53437401,No,70
740,Andrea,Manuel,1961-01-12,rozasdominga@example.org,+3330242549,56876297,No,63
741,Esteban,Benítez,1986-04-03,galanalejo@example.net,+6984238752,68952048,Sí,38
742,Desiderio,Gargallo,1987-04-22,ycal@example.org,+5217725817,74902184,No,37
743,Pascual,Madrid,2005-06-28,zuritaeliana@example.net,+9185721093,22233227,No,19
744,Emiliano,Bermudez,1995-08-12,varaflorina@example.com,+6317335814,96578690,Sí,29
745,José Antonio,Córdoba,1996-11-26,francisca39@example.net,+9682698154,62534408,Sí,28
746,Fabián,Pinto,2001-10-16,molinsruth@example.com,+3386501123,35326057,Sí,23
747,Mónica,Medina,1971-11-19,vilaltaildefonso@example.org,+2612683675,74608450,No,53
748,José María,Oliveras,1961-09-29,jose-franciscovillena@example.org,+7874592842,81818865,No,63
749,Guiomar,Pardo,1955-05-30,cresporebeca@example.net,+4095591089,59956595,Sí,69
750,Basilio,Rivero,2005-07-12,rosendopena@example.net,+3095374356,92629489,Sí,19
751,Desiderio,Roca,1969-03-28,balcalde@example.net,+6181220735,23897037,No,55
752,Tadeo,Tejero,2004-10-07,mvalentin@example.org,+4366005997,41675208,Sí,20
753,Juan Pablo,Escudero,1983-03-31,alcaldetoribio@example.org,+730144566,61167238,Sí,41
754,Maricruz,Jiménez,1983-09-05,yramon@example.com,+9140331296,18241637,Sí,41
755,Hermenegildo,Pino,1974-06-14,salvadormorera@example.net,+4123236487,56352622,No,50
756,Amor,Morillo,1973-05-16,villalobosisaias@example.net,+1942197994,15625595,Sí,51
757,Paulina,Ferrera,1994-05-19,asdrubal88@example.com,+947095710,87590423,No,30
758,Heliodoro,Salmerón,1990-07-08,solisisaias@example.org,+5967892221,63583564,Sí,34
759,Amor,Ripoll,1954-06-29,lupeportero@example.com,+8025512489,25007631,No,70
760,Luisina,Gámez,1983-05-06,ildefonso91@example.net,+7172362654,29340908,Sí,41
761,Fabiola,Peinado,1967-11-15,asolsona@example.com,+3971390074,60606185,Sí,57
762,Eliseo,Álamo,1984-11-25,cosmepenalver@example.net,+1820856223,49195497,No,40
763,Nicodemo,Cepeda,1968-11-05,wexposito@example.com,+3704908113,84042949,Sí,56
764,Juan José,Pedrero,1963-04-06,qgual@example.net,+7203062973,84263298,Sí,61
765,Artemio,Pol,1962-04-01,ofeliaaranda@example.org,+927492282,13030142,No,62
766,Renato,Tovar,1962-12-25,ocastrillo@example.net,+8284836706,48129421,Sí,62
767,Hernán,Salazar,1968-04-12,cabezasgabriel@example.net,+5236386589,48093346,Sí,56
768,Ceferino,Robledo,1996-10-06,yaiza57@example.org,+1614393416,83194472,Sí,28
769,Eligia,Ferrández,1959-09-06,alvarezemma@example.net,+1238429486,64021573,Sí,65
770,Camilo,Ariño,1994-05-09,caballerodionisia@example.org,+2040745515,30438237,Sí,30
771,Leonel,Torrecilla,1992-08-28,catalina19@example.net,+5545860701,12996222,No,32
772,Juan Manuel,Jaume,1982-05-16,atiliocorbacho@example.org,+2330502522,25564374,Sí,42
773,Ramona,Paredes,1957-10-01,bermudezjacinta@example.net,+8905979558,78828394,No,67
774,Angelina,Prat,1964-10-15,juanita78@example.com,+8682490457,17715652,Sí,60
775,Jordi,Vives,1986-10-06,graciela10@example.org,+8024775595,33816305,Sí,38
776,Gustavo,Lasa,1994-03-12,ivan88@example.org,+200298475,20658256,Sí,30
777,Heraclio,Escrivá,1973-10-14,natanaelsebastian@example.com,+7104869188,75425341,Sí,51
778,Gabino,Coello,1985-11-24,kespada@example.org,+7307272338,12250439,No,39
779,Paola,Alegria,1960-06-03,balfaro@example.org,+1912539699,28171290,No,64
780,Alexandra,Andrés,1983-11-20,cmarin@example.com,+5361391098,95793827,No,41
781,Reyna,Escamilla,2001-09-26,aguilaredgar@example.net,+8370233657,66044678,Sí,23
782,Azahara,Heras,1962-11-19,adelia16@example.com,+1793070355,93319884,Sí,62
783,Ciro,Piñol,1978-04-19,natanaelquesada@example.com,+7349821681,69111844,Sí,46
784,Lourdes,Benet,1971-06-25,romerocalista@example.net,+7582695778,98537219,No,53
785,Julián,Flores,1987-06-17,jose-antonio19@example.net,+5110207936,57725965,No,37
786,Aitana,Fabra,1989-07-23,dieguezinigo@example.net,+4695819280,31849392,No,35
787,Yaiza,Bermúdez,1978-12-05,aitorpozo@example.org,+3599882834,34300792,No,46
788,Tatiana,Alegria,1995-01-04,ale94@example.org,+8209693059,91128502,No,29
789,Marisela,Diez,1995-04-10,malobenjamin@example.net,+9256855785,37096970,No,29
790,Raquel,Agullo,1990-04-29,aragonpanfilo@example.com,+2218132848,89250822,Sí,34
791,Blanca,Manzanares,1969-09-25,ceferino62@example.org,+8189710163,97789050,No,55
792,Nayara,Bermúdez,1989-08-11,icarrion@example.org,+6493219881,63790920,No,35
793,Ana,Aramburu,1990-12-12,folivera@example.com,+1191023842,24518441,Sí,34
794,Otilia,Palacios,1986-05-28,enriquezclaudia@example.net,+5903384054,59907087,No,38
795,Jordán,Osuna,1999-05-12,nicodemo77@example.org,+9152927673,69633749,Sí,25
796,Raimundo,Salvador,2004-09-15,carmelapol@example.org,+6871631392,50126890,No,20
797,Fermín,Fábregas,1955-12-06,aalarcon@example.org,+6946488016,61259339,No,69
798,Leocadia,Suárez,1973-04-11,melisavicens@example.net,+3990754756,39896911,Sí,51
799,Chema,Cabezas,1991-09-28,diezhaydee@example.com,+3299932265,38389288,No,33
800,Nuria,Botella,1954-02-01,ricardagiralt@example.com,+1808210767,27079528,Sí,70
801,Mercedes,Villa,1989-05-17,npaz@example.net,+1474324689,63986483,Sí,35
802,Chucho,Abellán,1956-06-08,azconaherminia@example.net,+7792969491,72804306,No,68
803,Remigio,Duque,1983-08-25,ledesmaruperto@example.net,+4074794574,53855466,Sí,41
804,Palmira,Mora,1977-06-22,anita27@example.org,+382735469,41210546,Sí,47
805,Mohamed,Simó,1992-09-19,reigjacinto@example.org,+9920798073,96471711,Sí,32
806,Amado,Bauzà,1989-08-31,rosa-maria19@example.net,+2852177692,99466647,No,35
807,Rosalía,Ángel,1954-12-28,ngarate@example.net,+5750694447,37533365,Sí,70
808,Horacio,Calvo,1995-01-05,onofre30@example.com,+187576841,72943168,No,29
809,Edgardo,Matas,1993-04-04,anauribe@example.com,+9538397038,32774674,Sí,31
810,Trinidad,Cuevas,2002-12-12,rcobos@example.net,+4357189468,96424887,Sí,22
811,Adrián,Sanmartín,2005-10-15,agatamorante@example.org,+5617152926,32767345,No,19
812,Constanza,Plana,1962-09-09,felix32@example.net,+3472645009,37008037,Sí,62
813,Mohamed,Alcázar,2000-12-02,diaznelida@example.net,+3880113753,86823357,No,24
814,José Mari,Reig,1970-09-12,guiomar42@example.net,+8418410695,18112173,No,54
815,Gervasio,Rebollo,1988-07-15,huguetpriscila@example.net,+3218966359,37455103,No,36
816,Nidia,Godoy,1975-12-08,ochoamaristela@example.com,+9974990899,65189900,Sí,49
817,Florina,Cardona,1955-02-23,emelinacodina@example.org,+6492358749,67200075,No,69
818,Gloria,Casanovas,1976-08-24,cpatino@example.com,+5082371266,50278353,No,48
819,Cebrián,Alberola,1968-10-22,luis-miguel56@example.net,+1379463184,37930486,No,56
820,Salud,Aramburu,2001-04-18,roberto00@example.net,+9938948772,55534143,Sí,23
821,Luis Miguel,Carreño,2006-06-29,placidogallardo@example.com,+58729788,99392035,No,18
822,Elba,Lumbreras,1991-06-02,segarrasilvia@example.org,+9982592099,97954321,No,33
823,Petrona,Nebot,1985-05-12,olerma@example.net,+4646986680,19442610,No,39
824,Heraclio,Gomis,1966-11-10,fortunatobatalla@example.net,+2552944967,90412373,Sí,58
825,Elena,Cazorla,1969-08-28,ovidio58@example.com,+9603641460,44641731,Sí,55
826,Encarnacion,Mata,1971-11-11,salamancaloreto@example.com,+3958535572,48891349,Sí,53
827,Cosme,Tejedor,1995-07-01,patriciamelero@example.org,+4783750953,15467043,Sí,29
828,Ignacia,Campo,2003-04-25,maximobermudez@example.com,+2714259859,63995467,No,21
829,Eligia,Villena,1996-03-06,pazferrer@example.net,+9194233536,57716775,Sí,28
830,Lázaro,Osorio,1983-09-11,caroamor@example.com,+6199659181,80719851,Sí,41
831,Bernardino,Morera,2004-03-03,garnal@example.org,+9184302536,34228063,No,20
832,Brígida,Nieto,1988-08-28,urodriguez@example.org,+4253802053,31387007,Sí,36
833,Cecilia,Andres,1985-12-20,reyadan@example.org,+8703273546,12185422,No,39
834,Luz,Camps,1988-01-09,xherrera@example.org,+4828900726,54020565,Sí,36
835,Saturnino,Cortés,1985-10-29,bayonoscar@example.com,+151664654,55823546,Sí,39
836,Clemente,Palacios,1974-10-03,bernaloscar@example.org,+6980503375,69945498,Sí,50
837,Perlita,Almazán,1989-09-01,carvajaljuan-pablo@example.com,+2874771052,96251520,Sí,35
838,Rosario,Dominguez,1976-01-29,narregui@example.org,+4085202698,34150403,Sí,48
839,Valero,Pinedo,1963-07-06,jose-manuel79@example.com,+1765920826,14021244,No,61
840,Clementina,Cervantes,1983-02-21,pallaresmaxi@example.com,+2620757572,32397742,Sí,41
841,Marcelino,Torre,2003-09-20,herberto24@example.org,+6778775285,89707451,Sí,21
842,Clemente,Exposito,2003-06-08,sevillanomarina@example.org,+7043951558,37898607,No,21
843,Casemiro,Noguera,2003-01-30,alejandra28@example.net,+4296071326,74315354,No,21
844,Fátima,Verdú,1988-04-20,bernardinogibert@example.net,+1155369942,31619299,Sí,36
845,Aroa,Nadal,2006-04-20,alemiranda@example.net,+3261980579,57804201,Sí,18
846,Julio,Riera,1955-03-05,juan-bautista90@example.net,+8935042183,99077717,Sí,69
847,Gabino,Gisbert,1997-01-17,colomerluis@example.net,+9059648584,58742728,No,27
848,Jorge,Rosales,1958-10-26,jorgeminguez@example.net,+8111581805,28034734,Sí,66
849,Armando,Piña,1991-08-22,flora66@example.net,+2863462462,19168474,No,33
850,Vicenta,Ruano,1960-02-24,carmina25@example.org,+4107666593,86983597,No,64
851,Santos,Álvarez,1984-07-30,uriavaleria@example.org,+7346975486,42797200,No,40
852,Mamen,Antúnez,1998-06-29,flavioraya@example.net,+2875248007,27215879,Sí,26
853,Teodosio,Álvarez,1993-05-13,alebauza@example.com,+8572443465,34492178,Sí,31
854,Eufemia,Vigil,1972-07-11,jimenavives@example.net,+1115709726,66298244,Sí,52
855,Susanita,Guitart,1997-08-12,dgibert@example.org,+9946645407,37518324,No,27
856,Cruz,Saez,1998-03-01,lluchsandalio@example.com,+3903207908,47253144,No,26
857,Miguel,Navarrete,1959-07-19,uhuertas@example.com,+8689653527,47915528,Sí,65
858,Ileana,Villena,1960-12-19,condecharo@example.net,+1156647149,61874540,No,64
859,Prudencia,Roldan,1975-03-21,acedocayetano@example.org,+5637909440,79239266,No,49
860,Hermenegildo,Carrillo,1982-11-02,nicolaszabala@example.org,+7523269338,72308460,No,42
861,Lara,Batalla,1986-06-12,camilacabanas@example.com,+6486111981,93441164,Sí,38
862,Elisabet,Calderon,2004-02-18,ovilla@example.org,+9107072456,31801082,Sí,20
863,Luis Ángel,Alcántara,1992-06-12,dionisio90@example.com,+4391857362,57191284,No,32
864,Wilfredo,Cabrera,1973-08-31,feliucarla@example.net,+7224190309,34152656,No,51
865,Maite,Vicente,1963-01-18,posadacharo@example.org,+2957382323,42440779,No,61
866,Baldomero,Goñi,1995-12-21,fidelaramon@example.org,+4873725925,69487583,No,29
867,Graciela,Diez,1961-08-30,montanaandrea@example.com,+7837954146,71507660,Sí,63
868,José,Carretero,1960-09-30,luciana53@example.com,+4100972285,16158551,No,64
869,Fidel,Mendizábal,1972-12-09,mansonuria@example.net,+240826568,48861906,Sí,52
870,Artemio,Piñol,1990-06-12,ugarriga@example.net,+5486840842,41887826,No,34
871,Sarita,Pons,2006-03-30,gvalle@example.net,+1167420172,29719081,Sí,18
872,Domingo,Céspedes,1984-01-24,maciasnuria@example.org,+3324736855,43859337,Sí,40
873,Che,Agudo,1961-07-17,paulino72@example.net,+2582260731,40753201,Sí,63
874,Clara,Cerezo,1957-12-26,eaguilar@example.org,+891433181,58609602,No,67
875,Pastora,Llanos,1994-12-19,claudio25@example.net,+9793169784,47388891,No,30
876,Carlito,Acero,1990-08-26,bbriones@example.com,+437193014,90852446,Sí,34
877,Augusto,Cervera,1978-01-01,boixalfonso@example.com,+2923467686,50423081,Sí,46
878,Néstor,Montes,1981-10-15,rjurado@example.net,+7032046370,19517669,Sí,43
879,Celestino,Checa,1987-10-01,rosariomur@example.com,+3045419344,43039272,Sí,37
880,Atilio,Hervás,2005-05-10,selena95@example.com,+1021637650,39533849,No,19
881,Paca,Colom,1998-02-27,hosuna@example.net,+1582393438,68854705,No,26
882,Leopoldo,Ferreras,1969-07-04,cuevasjaime@example.com,+8174506315,45304512,No,55
883,Esperanza,Garzón,2001-06-07,julio75@example.com,+8173837543,29854312,Sí,23
884,Adela,Cobos,1990-07-18,marisa42@example.com,+3335516848,27647954,No,34
885,Eligio,Amaya,1995-07-13,cortescintia@example.net,+4226593052,39662698,Sí,29
886,Eutropio,Huertas,1985-03-18,jorgeperal@example.net,+5631309100,48965105,Sí,39
887,Eligio,Fonseca,1980-11-26,lidia55@example.net,+2009320386,55950415,No,44
888,Concepción,Quiroga,1969-05-10,chus14@example.org,+1939997545,20941860,Sí,55
889,Zacarías,Gabaldón,1964-03-01,irenearoca@example.net,+6431021263,29789118,No,60
890,Julie,Baños,1968-05-19,corderomilagros@example.com,+8286321732,39895670,No,56
891,Ignacia,Bravo,1983-10-16,romansoler@example.com,+9689314252,21138007,Sí,41
892,Florencia,Barrio,1993-12-05,almudena10@example.com,+514517335,20025498,No,31
893,Benigna,Cortes,1977-06-17,tvazquez@example.com,+3288999404,29974169,No,47
894,Primitivo,Cantero,1982-02-06,romanlorenzo@example.com,+633318526,80973105,No,42
895,Bernabé,Oller,1977-07-13,sabaspenalver@example.org,+8028666068,44187673,Sí,47
896,Jose Ignacio,Aguilera,1972-11-16,estevezsandra@example.com,+5692499852,45639158,No,52
897,Antonio,Bauzà,1989-07-09,jose-luislerma@example.net,+3875566227,15664261,Sí,35
898,Javi,Cañas,1966-12-28,noemiestevez@example.com,+3731921318,71526819,No,58
899,Jose Carlos,Sosa,1997-04-04,rafaelacalleja@example.com,+1011886522,65448539,Sí,27
900,Gala,Roldán,2005-01-05,miguelavendrell@example.net,+8393275049,81120472,No,19
901,Ariel,Alarcón,1983-05-07,bfonseca@example.org,+4846094592,98105716,No,41
902,Lucas,Escamilla,1955-12-21,jeronimobarroso@example.com,+2880738626,56435983,Sí,69
903,Hortensia,Almagro,2000-10-15,benaventazahara@example.com,+528481474,18099347,Sí,24
904,Amada,Gordillo,1982-07-29,montesjudith@example.com,+6423436359,58600767,No,42
905,Matilde,Aranda,1996-10-02,iris26@example.org,+8893829920,23024186,Sí,28
906,Ángela,Benavides,2005-10-30,balduinovara@example.com,+5956776560,97960362,No,19
907,Javier,Porras,1973-12-04,inocencionaranjo@example.org,+9721660623,51231879,Sí,51
908,Santos,Echevarría,1993-10-16,mazareina@example.net,+2496609476,27481707,No,31
909,Claudia,Moreno,1974-09-06,qjimenez@example.org,+6474578598,12344033,Sí,50
910,Balduino,Heredia,2002-02-28,eva56@example.org,+7071959428,10943652,No,22
911,Francisco,Gomis,1956-02-23,vcalzada@example.net,+9017357156,29093329,Sí,68
912,Mónica,Peña,2005-03-31,panchozabala@example.org,+9119463243,24307266,No,19
913,Belén,Uribe,1954-04-20,guadalupemunoz@example.net,+7303468667,30051566,Sí,70
914,Francisco Jose,Pinto,1962-08-18,jafetcamps@example.com,+4330206980,73190898,No,62
915,Bernardita,Olmo,2005-12-22,martinbonilla@example.net,+8845334868,58134434,No,19
916,Fernanda,Gomila,1973-02-10,ana-sofiafajardo@example.com,+9439700518,26353811,No,51
917,Amaro,Arias,1967-09-17,hectorblazquez@example.net,+7965172793,46037485,No,57
918,Ana Sofía,Canet,1983-09-14,eduardo66@example.com,+9765723030,21363783,Sí,41
919,Luis,Verdugo,1989-11-10,dafne38@example.org,+3786115571,13321182,No,35
920,Selena,Berenguer,1993-01-08,teresa65@example.net,+638819703,89659291,Sí,31
921,Encarnacion,Muñoz,1999-06-17,vargaseutropio@example.com,+8066660719,75560969,Sí,25
922,Timoteo,Bayona,1996-09-15,isabeloller@example.net,+8696317710,91114939,No,28
923,Eva,Cases,1963-04-27,abarrio@example.org,+8944395693,21681773,No,61
924,Abril,Moya,1960-11-27,maria-jose44@example.net,+6701045302,87408417,Sí,64
925,Balduino,Correa,1974-02-17,onofre34@example.com,+7437418899,64698023,Sí,50
926,Victoriano,Soria,1995-02-05,eluna@example.com,+1152244815,12282018,Sí,29
927,Salomón,Ramos,1976-08-04,felixcerro@example.net,+4221864778,89653320,No,48
928,Amando,Tovar,2005-02-11,lino61@example.org,+652207194,92672736,No,19
929,Custodia,Montes,1987-04-06,gimenobarbara@example.net,+908151817,39624230,No,37
930,Isa,Madrigal,1969-06-27,juanita19@example.org,+9491199804,62442125,Sí,55
931,Sol,Portillo,1966-12-05,bernarda63@example.com,+8656365058,23575479,No,58
932,Faustino,Pavón,1959-10-22,tapiatrinidad@example.org,+4854607941,63901682,Sí,65
933,Lupe,Mendizábal,1998-12-28,tfernandez@example.com,+408168695,40562816,No,26
934,Ignacio,Baeza,2002-07-10,pgonzalo@example.org,+2380533372,51555223,No,22
935,Sebastian,Arana,1965-05-30,romacecilio@example.org,+8200630170,17310134,Sí,59
936,Onofre,Tirado,1981-10-19,fabriciomayol@example.org,+8268731420,42262237,No,43
937,Alba,Gelabert,1955-12-27,vcastro@example.net,+6934736123,58268681,No,69
938,José Ángel,Pacheco,1990-04-03,graciano80@example.org,+2858974915,28531449,Sí,34
939,Vanesa,Cabo,1971-02-10,elvira93@example.org,+8580773804,18418087,No,53
940,Candela,Perera,1955-12-17,marinobayona@example.net,+5825600680,62764080,Sí,69
941,Emperatriz,Almazán,2001-12-09,emacastilla@example.net,+1023696198,27122592,Sí,23
942,Trinidad,Millán,1985-05-15,torrerico@example.net,+6861995421,86125815,No,39
943,Eloy,Muro,1998-08-04,inevado@example.org,+843798009,11849644,No,26
944,Alberto,Prats,1996-07-12,andres55@example.org,+8155280029,81599171,Sí,28
945,Imelda,Morillo,1984-06-16,ismael15@example.com,+3581102383,71083231,Sí,40
946,Susanita,Clemente,1966-11-04,paulinabeltran@example.org,+4415105583,60715206,Sí,58
947,Vinicio,Tamayo,1990-10-15,ciroperalta@example.net,+9335295006,62216505,No,34
948,Eva María,Batalla,1955-06-12,slosa@example.net,+8533516237,25493573,Sí,69
949,Chita,Estrada,2003-01-16,poncejacinta@example.net,+7225148646,34982084,Sí,21
950,Diana,Burgos,1971-04-30,fleon@example.org,+9865284828,38878619,No,53
951,Matilde,Barrio,1975-10-06,saldanacustodia@example.net,+5248532179,25941092,No,49
952,Obdulia,Larrañaga,1976-04-20,genovevamiralles@example.net,+2629281274,43486321,Sí,48
953,Germán,Bauzà,1968-03-11,wmate@example.net,+9765724856,53872130,No,56
954,Dulce,Camino,1971-11-09,xmorales@example.net,+1676806328,87161096,No,53
955,Olalla,Chacón,1960-10-01,ubenet@example.net,+5198579476,20750278,No,64
956,Berta,Pons,1987-06-12,renedonaire@example.net,+9270139804,77222481,No,37
957,Román,Ferrer,2001-02-13,fherrero@example.org,+2335581913,17260608,Sí,23
958,Leonor,Valenzuela,1999-10-27,pazosteofila@example.org,+9956897522,87027202,No,25
959,Santos,Arribas,1974-09-29,ocanapanfilo@example.com,+5912847496,85608724,Sí,50
960,Sigfrido,Mascaró,2001-05-14,carreraaugusto@example.org,+4253616157,81065542,Sí,23
961,Chus,Teruel,1973-12-30,cuencajose@example.com,+769580519,54538859,No,51
962,Hermenegildo,Linares,1987-05-23,luciano77@example.org,+1548216642,44328088,Sí,37
963,Curro,Salmerón,1979-07-23,liliabarrios@example.net,+1476763276,60751296,Sí,45
964,Rocío,Blanch,2003-06-23,szapata@example.org,+2518466056,60403799,Sí,21
965,Marisol,Caballero,1968-11-30,carmelachamorro@example.net,+1424953121,77835537,No,56
966,Urbano,Espejo,1975-01-23,juanaanton@example.com,+1980273720,15818258,No,49
967,Sancho,Neira,1995-10-19,isaavedra@example.org,+5546300302,21410573,No,29
968,Simón,Leal,1995-07-27,carolina14@example.net,+9448652421,70234308,Sí,29
969,Ruben,Hidalgo,1970-05-02,cobosmacarena@example.org,+7459540384,82004283,No,54
970,Lucho,Solera,1955-11-28,isaac20@example.com,+9452615356,16433905,No,69
971,Urbano,Téllez,1986-07-22,queroesther@example.net,+4212643988,97092680,Sí,38
972,Luna,Carro,1957-03-20,maximoherrera@example.net,+4554502108,10841647,No,67
973,Ana Belén,Luz,1959-02-02,camilojauregui@example.net,+9684841815,68701725,Sí,65
974,Aurelio,Pinilla,1997-02-23,victor-manuel43@example.com,+5466435169,47537923,No,27
975,Sofía,Martí,1961-05-08,hidalgohermenegildo@example.net,+977946377,30292217,Sí,63
976,Jose,Roldan,1962-12-01,canalestecla@example.org,+2536576405,34618886,Sí,62
977,Octavia,Sola,1992-08-17,csales@example.org,+5705344704,71699194,No,32
978,Pastor,Valdés,1978-09-20,garatesamanta@example.com,+5328626406,37769987,Sí,46
979,Jose Francisco,Montaña,1977-08-06,matemodesto@example.org,+2869912073,76154918,Sí,47
980,Clarisa,Rivas,1980-08-04,casadosamanta@example.org,+4295361638,32209867,No,44
981,Miguela,Jover,1954-05-23,urrutiaraul@example.net,+6623138936,88602103,Sí,70
982,Guiomar,Calvo,1969-06-02,carnerosilvestre@example.com,+267555729,14006690,No,55
983,Godofredo,Valls,1994-07-03,reina31@example.net,+3906419366,34662693,No,30
984,Amanda,Franco,1966-03-07,blazquezjaime@example.com,+9497538491,60912239,Sí,58
985,Dulce,Falcó,1997-01-12,moreno22@example.com,+7403460651,39125218,Sí,27
986,Aureliano,Abad,1956-07-12,lnunez@example.com,+9629612528,81714224,Sí,68
987,Yéssica,Toledo,2001-09-01,carbajodominga@example.com,+2845509449,77858911,No,23
988,Luis,Amorós,2005-07-07,eleuterio96@example.org,+3701669990,17069953,No,19
989,Amador,Osuna,1999-12-21,viniciofajardo@example.net,+2292962085,92295632,No,25
990,Delfina,Galán,1984-08-26,prudenciamorata@example.com,+9966636645,88753902,Sí,40
991,Marina,Frutos,1957-12-26,azenethalmeida@example.org,+6984970766,38907678,No,67
992,Victor Manuel,Cañete,2005-02-12,msolera@example.com,+3653473642,87143079,Sí,19
993,Albina,Guillen,1956-05-19,samucollado@example.com,+1621363139,69510492,No,68
994,Nazaret,Farré,2000-04-06,lupemendoza@example.org,+4695841764,17312882,No,24
995,Ciríaco,Armengol,2003-06-23,coellosantos@example.net,+1172965606,25957679,No,21
996,Loida,Ibarra,1969-09-05,manola66@example.org,+11520684,41867260,Sí,55
997,Zaida,Montenegro,1977-11-17,barriosamu@example.org,+6660574748,68048904,Sí,47
998,Regina,Guardiola,1972-04-02,ualvaro@example.org,+1534703489,15474420,Sí,52
999,Norberto,Cobos,1959-04-12,almudena68@example.com,+4953216973,68273090,No,65
1000,Amada,Cazorla,1957-09-15,alicia85@example.org,+3357071488,37403517,No,67
